hid,title,type,rating,read,last_read,synonyms,mal,anilist,mangaupdates
HIEWEG9,Chronicles Of The Lazy Sovereign,reading,,14,2025-14-09,"태존비록,The Secret Records of the Supreme,태존비록,Taejon Birok,怠尊秘錄",,https://anilist.co/manga/195914?utm_source=comick,https://www.mangaupdates.com/series/9cdts23?utm_source=comick
bogzfqR9,"I Was More Overpowered Than the Hero, so I Hid My Power!",reading,,88,2025-14-09,"용사보다 너무 강해서 힘을 숨김,転生したら最強すぎるのでモブキャラ演じます,Secretamente mais poderoso do que o herói,Yongsaboda Neomu Ganghaeseo Himeul Sumgim,隐藏实力的幕后高手,I Was More Overpowered Than the Hero, so I Hid My Power!,Era más fuerte que el héroe así que oculté mi poder,แกร่งเกินผู้กล้า แต่ซ่าไม่ได้,隱藏力量的邊緣英雄,Soy más fuerte que todos, pero oculto mi poder,Too Strong than the Warrior So He Hides His Strength,Era más fuerte que el héroe así que oculté mi poder, I Was More Overpowered Than the Hero, so I Hid My Power!, Soy más fuerte que todos, pero oculto mi poder, Too Strong than the Warrior So He Hides His Strength, แกร่งเกินผู้กล้า แต่ซ่าไม่ได้, 隐藏实力的幕后高手, 隱藏力量的邊緣英雄, 용사보다 너무 강해서 힘을 숨김",https://myanimelist.net/manga/165324?utm_source=comick,https://anilist.co/manga/171810?utm_source=comick,https://www.mangaupdates.com/series/u7ah0n3?utm_source=comick
nMhN1BlT,The Devil Butler,reading,,753,2025-14-09,"Devil Butler,Как демон-император стал дворецким,The Servant Is the Demon King?!,魔皇大管家,Mo Huang Da Guan Jia,Demon King Steward,Magic Emperor,Housekeeper is the Magic Emperor,Demon Emperor Housekeeper,Demon Emperor Butler,The Steward Demonic King,Best Devil Housekeeper,Demon Emperor Great Butler,Demon Magic Emperor,Der Diener des Dämonenkönigs,Emperador Demoniaco,Housekeeper Is the Magic Emperor,How the Demon Emperor became a Butler,Imperador Demoníaco,Imperador Mágico,Mo Huang Da Guanjia,امپراطور جادو,พ่อบ้านราชาปีศาจ,마황의 귀환,Demonic Emperor,Đại Quản Gia Là Ma Hoàng,The Steward Demonic Emperor,Emperador Mágico",,https://anilist.co/manga/116353?utm_source=comick,https://www.mangaupdates.com/series.html?id=159270&utm_source=comick
wATDywpu,Infinite Evolution Starting from Zero,reading,,,,从零开始无限进化,,,
7NqCObsf,The Lone Necromancer,reading,,155,2025-12-09,"나 혼자 네크로맨서,Jedyny Nekromanta,Некромант-одиночка,死灵法师：亡灵支配者,Solo Necromancy,The Only Necromancer,末日獨尊：死靈法師,Nigromante en solitario,O Único Necromante,Only I Am a Necromancer,ソロ降霊術,Nigromante en Solitario",https://myanimelist.net/manga/147450?utm_source=comick,https://anilist.co/manga/139572?utm_source=comick,https://www.mangaupdates.com/series.html?id=188741&utm_source=comick
yTGZqTJE,Enrolling in the Transcendent Academy,reading,,174,2025-12-09,"초월자 학원의 수강생이 되었다,Я стал студентом Трансцендентальной Академии,I Became a Student at the Transcension Academy,Enrolling in the Transcendent Academy,Transcension Academy,欢迎加入超越者学院,超越者学院の受講生になった,cademia da Transcendência,Academia de la Ascension,สถาบันกวดวิชาสำหรับผู้เป็นเลิศ,I Became a Student at the Transcension Academy,I Became a Student at Transcendental Academy,Transcension Academy,Я стал студентом Трансцендентальной Академии,초월자 학원의 수강생이 되었다",https://myanimelist.net/manga/153120?utm_source=comick,https://anilist.co/manga/152608?utm_source=comick,https://www.mangaupdates.com/series/qu9pvzg?utm_source=comick
cd9x_RsS,The Reincarnated Assassin Is a Swordmaster,reading,,77,2025-12-09,"환생한 암살자는 검술 천재,The Reincarnated Assassin is a Genius Swordsman,重生刺客是天才剑士,El asesino reencarnado es un genio de la espada,Hwansaenghan Amsaljaneun Geomsul Cheonjae,ชีวิตใหม่ของนักฆ่าคือจอมดาบอัจฉริยะ,El asesino que reencarnó como un genio espadachín,L'Assassin et le Maître épéiste,刺客的劍術天才轉生錄,転生した暗殺者は剣術の天才",https://myanimelist.net/manga/162380?utm_source=comick,https://anilist.co/manga/168823?utm_source=comick,https://www.mangaupdates.com/series/ro0x0up?utm_source=comick
evPcEhyO,Chāoshén Chǒngshòu Diàn,reading,,181,2025-11-09,"超神宠兽店,Chāo Shén Chǒng Shòu Diàn,Super God Pet Shop,Chao Shen Chong Shou Dian,Cửa hàng sủng thú siêu thần,超神級テイマーに転生した俺が魔力で殲滅無双する,Astral Pet Store,Chaoshen Chongshou Dian,Chāo Shén Chǒng Shòu Diàn,Super God Pet Shop,超神宠兽店,Astral Pet Store",,https://anilist.co/manga/160143?utm_source=comick,https://www.mangaupdates.com/series/8lke1mq?utm_source=comick
x_bdWVIL,A Modern Man Who Transmigrated Into the Murim World,reading,,144,2025-11-09,"Murime Tteoreojin Hyeondaein,무림에 떨어진 현대인,Modern Man Falling Into the World of Murim,Un hombre moderno en el Murim,Modern Dude in the Murim,A Modern Man Who Got Transmigrated to Murim,武林에 떨어진 現代人,A Modern Man Who Got Transmigrated Into the Murim World,武林に降り立った現代人,переселившийся в мир Мурим маньхуа,Современный человек,Hombre del siglo XI en la antigüedad,Un hombre moderno que transmigró al mundo murim",https://myanimelist.net/manga/158496?utm_source=comick,https://anilist.co/manga/159445?utm_source=comick,https://www.mangaupdates.com/series/pupzzsk?utm_source=comick
i3U99GMc,Frozen Warrior,reading,,10,2025-11-09,"นักรบแช่แข็ง,The Frostbound Warrior,냉동무사,Kesatria Es,冰影戰魂,The Frostbound Warrior, 냉동무사, Kesatria Es",,,
p2JNAEhS,Reality Quest,reading,,170,2025-11-09,"IRL Quest,Real Life Quest,현실퀘스트,Hyeonsil Quest,Реалити Квест,IRL Quest,現実クエスト,现实闯关,現實 Quest,현실 퀘스트",https://myanimelist.net/manga/151157?utm_source=comick,https://anilist.co/manga/141705?utm_source=comick,https://www.mangaupdates.com/series.html?id=190934&utm_source=comick
oaIJwyZv,The Ultimate of All Ages,reading,,456,2025-10-09,"万古至尊,The Ancient Sovereign of Eternity,The Eternal Supreme,The Ultimate of All Ages,Ancient One,Eternal Deity,Eternal Supreme,Everlasting Supreme,Still Supreme in My Second Life,The Ancient One,二度目の人生俺は至尊になる,만고지존,Rebirth of the Ultimate Master,這一世我要當至尊,这一世我要当至尊,Vạn Cổ Chí Tôn,O Antigo Soberano da Eternidade,Ancient One,Eternal Deity,Eternal Supreme,Everlasting Supreme,Still Supreme in My Second Life,The Ancient One,The Ancient Sovereign of Eternity,The Eternal Supreme,The Ultimate of All Ages,Vạn Cổ Chí Tôn,万古至尊,二度目の人生俺は至尊になる,这一世我要当至尊,만고지존",,https://anilist.co/manga/138726?utm_source=comick,https://www.mangaupdates.com/series.html?id=182943&utm_source=comick
yXKM8g__,I Am the Fated Villain,reading,,277,2025-10-09,"Wǒ! Tiānmìng Dà Fǎnpài,Wo! Tian Mìng Da Fanpai,Me, the Heavenly Destined Villain,My Fate As a Villain,Моя судьба злодея,Villain Is Here,The Villain Of Destiny,我！天命大反派,Ta! Thiên Mệnh Đại Nhân Vật Phản Phái,El Villano Del Destino,Ta Trời Sinh Đã Là Nhân Vật Phản Diện,El Villano del Destino,Me! The Heavenly Destined Villain,我こそは大悪党,악역이지만 즐겁습니다",,https://anilist.co/manga/142287?utm_source=comick,https://www.mangaupdates.com/series.html?id=189392&utm_source=comick
JLJUjtxB,The Regressed Mercenary Has a Plan,reading,,55,2025-10-09,"重生佣兵王的复仇,重生傭兵的完美計畫,Zregresowany najemnik ma plan,회귀한 용병은 다 계획이 있다,Hoegwihan Yongbyeongeun Da Gyehoegi Itda,The Regressed Mercenary's Machinations,Every Returned Mercenary Has a Plan,L'intrigue surprenante d'un mercenaire régresseur,Las conspiraciones del mercenario regresado",https://myanimelist.net/manga/174559?utm_source=comick,https://anilist.co/manga/182066?utm_source=comick,https://www.mangaupdates.com/series/ya9vyfk?utm_source=comick
R3Jt76QH,Genius Grandson of the Loan Shark King,reading,,68,2025-09-09,"Nieto genio del rey de los prestamistas,หลานอัจฉริยะของราชาเงินกู้,金融大佬的天才孙子,사채왕의 천재손자",,,
HIEmevp,Return of the Calamity-Class Death Knight,reading,,35,2025-09-09,"멸망급 데스나이트가 회귀함,멸망급 데스나이트가 회귀함,Return of the Apocalypse-Class Death Knight",,,
UExLYHoW,Solo Resurrection,reading,,60,2025-08-09,"Na Honja Buhwalhanda,Só Eu Revivo,I Am Resurrected Alone,Resurrección solitaria,Tái Sinh Đơn Độc,Yalnız Diriliş,俺一人で蘇る,나 혼자 부활한다,I Alone Resurrect",https://myanimelist.net/manga/174472?utm_source=comick,https://anilist.co/manga/180904?utm_source=comick,https://www.mangaupdates.com/series/ph4f64e?utm_source=comick
Maf30oos,The Sword God From the Destroyed World,reading,,31,2025-08-09,"The Sword God From a Fallen World,The Sword God From a Ruined World,Sword God from the Ruined World,멸망한 세계에서 온 검신,Bóg miecza z zniszczonego świata,멸망한 세계에서 온 검신",,,
AWLzuL1k,The Extra Is Too Powerful,reading,,100,2025-08-09,"穿越成為超強配角,The Extra Is Too Strong,엑스트라가 너무 강함,Ekseuteura-ga Neomu Gangham,El Extra es Demasiado Fuerte,エキストラが強すぎる,El Extra Es Demasiado Fuerte,ตัวประกอบแกร่งเกินต้าน",https://myanimelist.net/manga/159916?utm_source=comick,,https://www.mangaupdates.com/series/w0hv6eh?utm_source=comick
pRO79Lcy,The Knight King Who Returned with a God,reading,,,,"신과함께 돌아온 기사왕님,The Knight King Who Returned With a God,El Rey Caballero que regresó con un Dios,與神同歸的騎士王,与神同归的骑士王,O Rei dos Cavaleiros que retorna com um Deus,300年ぶりに神と帰還した騎士王,ราชาอัศวินผู้มากับเทพ,O Rei dos Cavaleiros que Retorna com um Deus",https://myanimelist.net/manga/159140?utm_source=comick,https://anilist.co/manga/165287?utm_source=comick,https://www.mangaupdates.com/series/sdog92t?utm_source=comick
PBu7UHtu,"Dumped by my girlfriend, I turned to martial arts.",reading,,19,2025-08-09,被校花分手后，我直接武道通神,,,https://www.mangaupdates.com/series/qwk7zcv?utm_source=comick
smSy8jzF,Demon Evolution,reading,,117,2025-07-09,"Demon Evolution,我，进化，恶魔,Demonic Evolution,No me volveré un demonio,안에 최종보스가 들어왔다,Mi evolución a demonio,Evolução Demoníaca,最弱戦士からのRe:start,Me, Evolution, and the Demons,Wǒ, Jìnhuà, Èmó,Wo, Jinhua, Emo,내 안에 최종보스가 들어왔다",,,
6fhIgNkN,The Swordmaster's Son,reading,,175,2025-07-09,"Youngest Son of the Renowned Swordsmanship Clan,검술명가 막내아들,The Youngest Son of a Renowned Family of Swordsmen,Младший сын фехтовальщика,Swordmaster's Youngest Son,El hijo menor del maestro de la espada,Le Benjamin des Luncandel,Le Plus Jeune Fils du Maître Épéiste,The Sword Master's Son,The Youngest Son of a Master Swordsman,Youngest Son of the Swordmaster,Младший сын мечника,剑术名门的小儿子,剣術名家の末息子,劍術名家的小兒子,Geomsulmyeongga Mangnaeadeul",https://myanimelist.net/manga/146949?utm_source=comick,https://anilist.co/manga/149332?utm_source=comick,https://www.mangaupdates.com/series.html?id=200168&utm_source=comick
TjV9MRgw,Mercenary Enrollment,reading,,254,2025-06-09,"少年佣兵,입학용병,พี่ชายสายบอดี้การ์ด,入學傭兵,Tentara Menyamar Jadi Anak SMA,Ipagyongbyeong,Teenage Mercenary,Söldnereinschreibung,High School Mercenary,Mercenario adolescente,入学傭兵,High School Soldier,Mercenário Adolescente,Liseli Paralı Askerin Macerası,Bạn Học Của Tôi Là Lính Đánh Thuê,High School Mercenary,High School Soldier,Mercenario adolescente,Söldnereinschreibung,Прирождённый наёмник,พี่ชายสายบอดี้การ์ด,入学傭兵,入學傭兵,少年佣兵,입학용병,Teenage Mercenary",https://myanimelist.net/manga/146966?utm_source=comick,https://anilist.co/manga/126297?utm_source=comick,https://www.mangaupdates.com/series.html?id=173705&utm_source=comick
cO3mD8a6,I Became the Successor of the Martial God,reading,,37,2025-06-09,"무신의 후계자가 되었다,I Became the War God’s Successor,무신의 후계자가 되었다",https://myanimelist.net/manga/180728?utm_source=comick,https://anilist.co/manga/189739?utm_source=comick,https://www.mangaupdates.com/series/udohxph?utm_source=comick
uNHOeeYF,Return of the Mad Demon,reading,,168,2025-06-09,"광마회귀,The Return of the Crazy Demon,狂魔重生,Gwangmahoegwi,狂魔重生記,อสูรคลั่งผู้หวนคืน,Возвращение безумного демона,狂魔回帰,O retorno do demônio louco,El regreso del demonio loco,Le retour du démon fou,Return of the Mad Demon,狂魔回歸",https://myanimelist.net/manga/147577?utm_source=comick,https://anilist.co/manga/137304?utm_source=comick,https://www.mangaupdates.com/series.html?id=185656&utm_source=comick
pQMIp5w8,Top Tier Providence,reading,,229,2025-06-09,"顶级气运，悄悄修炼千年,Dingji Qiyun, Qiaoqiao Xiulian Qiannian,Dǐngjí Qìyùn, Qiāoqiāo Xiūliàn Qiānnián,Top Tier Providence: Secretly Cultivate for a Thousand Years,Providencia de Primer Nivel: Cultiva en Silencio Durante Miles de Años,Top-Notch Fate, Secretly Practicing Asceticism in Millenniums,修業マニアはゲームマスター？,초초수련천년,Dingji Qi Yun, Qiaoqiao Xiulian Qiannian,Dingji Qiyun, Qiaoqiao Xiulian Qian Nian,Dǐngjí qì yùn, qiāoqiāo xiūliàn qiānnián,Top Tier Providence,Top Tier Providence - Secretly Cultivate for a Thousand Years,Đỉnh Cấp Khí Vận, Lặng Lẽ Tu Luyện Ngàn Năm,悄悄修炼千年,Providência de Alto Nível,Lucky Me: I Secretly Cultivated for 1,000 Years",,https://anilist.co/manga/154258?utm_source=comick,https://www.mangaupdates.com/series/5sdrng5?utm_source=comick
GpIzxNnb,I'm the Max-Level Newbie,reading,,222,2025-06-09,"ผู้เล่นหน้าใหม่เลเวลแมกซ์,Na Honja Mallep Newbie,나 혼자 만렙 뉴비,我独自满级新手,滿級新手,俺だけレベルMAXなビギナー,Нуб максимального уровня,Solo Max-Level Newbie,Người Chơi Mới Cấp Tối Đa,I Am the Top Ranker Newbie,I'm the Max-Level Newbie,Novato solo a nivel máximo,O novato de nível máximo,I'm the Only Max-Leveled Newbie,满级新手,나혼자만렙뉴비",https://myanimelist.net/manga/147392?utm_source=comick,https://anilist.co/manga/137280?utm_source=comick,https://www.mangaupdates.com/series.html?id=186008&utm_source=comick
R0fKHCb1,The SSS-Ranker Returns,reading,,155,2025-05-09,"SSS급 랭커 회귀하다,Return of the SSS-Class Ranker,Regreso del ranker de clase SSS,Back to SSS Rank,SSS-geup Ranker Hoegwihada,SSS級ランカー回帰する,SSS級王者歸來,SSS级狂战士回归,Возвращение ранкера SSS-ранга,Возвращение ранкера SSS-уровня",https://myanimelist.net/manga/151483?utm_source=comick,https://anilist.co/manga/153883?utm_source=comick,https://www.mangaupdates.com/series/a6rbwba?utm_source=comick
jmndN6ti,"Becoming a God, Starting as water monkey",reading,,,,"Возвышение от Монстра до Бога,Ascension: From Water Spirit to Deity,Become a God From Water Monkey,Becoming a God, Starting as Water Monkey,Cóng Shuǐ Hóuzǐ Kāishǐ Chéng Shén,From the Water Monkey to the God,Cong Shui Houzi Kaishi Cheng Shen,从水猴子开始成神,Ascension: From Water Spirit to Deity / Become a God From Water Monkey / From the Water Monkey to the God / ä»æ°´ç´å­å¼å§æç¥",,,
jB2ZV42H,The Nine Heavens Swordmaster,reading,,132,2025-04-09,"Heavenly Inquisition Sword,구천구검,Gucheongugeom,Espada de la inquisición celestial,L'Épée des neuf cieux,Nine Heavens Swordmaster,Semaların Kılıcı,กระบี่พิพากษ์เก้าสวรรค์,九天究剑,九天究剣,九天究劍,乱世孤锋,La Espada de la Inquisición Celestial",https://myanimelist.net/manga/153509?utm_source=comick,https://anilist.co/manga/156193?utm_source=comick,https://www.mangaupdates.com/series/oqvzgof?utm_source=comick
ucxb5LhR,All My Alter Egos Are Tycoons,reading,,51,2025-04-09,"分身封神中,My Avatars' Path to Greatness,All My Alter Egos Are Tycoons,Mis alter egos son seres trascendentales,My Alter Ego's Path to Greatness,Sovereign of the Infinite Clones,내 분신이 거물이 되어간다,내 분신이 거물이 되어간다",https://myanimelist.net/manga/174687?utm_source=comick,https://anilist.co/manga/182139?utm_source=comick,https://www.mangaupdates.com/series/6sqizap?utm_source=comick
HIEYqDx,Hiding a Logistics Center in The Apocalypse,reading,,57,2025-04-09,"아포칼립스에 물류센터를 숨김,Hiding a Warehouse in the Apocalypse,Almacenes ocultos en el Apocalipsis,โกดังลับหลังโลกแตก,末日物流中心,아포칼립스에 물류센터를 숨김,Hiding a Logistics Center in the Apocalypse",,https://anilist.co/manga/183519?utm_source=comick,https://www.mangaupdates.com/series/cmkgwks?utm_source=comick
MnVA40wg,Returned by the King,reading,,106,2025-04-09,"왕의 힘으로 회귀한다,Return with the Power of the King,Regressing With the King's Power,Return to the King's Power,Return to the Power of the King,Regresé con el poder del Rey,以王之力重生,เกิดใหม่พร้อมพลังแห่งราชัน,以王之力覺醒重生,王の力で回帰する",https://myanimelist.net/manga/164820?utm_source=comick,https://anilist.co/manga/170724?utm_source=comick,https://www.mangaupdates.com/series/v9btf4k?utm_source=comick
t1iLNZ4k,Barbarian’s Adventure in a Fantasy World,reading,,32,2025-04-09,"Surviving as a Barbarian in a Fantasy World,판타지 세계 속 바바리안으로 살아가기,판타지 세계 속 바바리안으로 살아가기,A Barbarian Adventure in a Fantasy World,Surviving as a barbarian in a Fantasy World,Trở Thành Man Di Ở Thế Giới Fantasy,Barbarian's Adventure in a Fantasy World",https://myanimelist.net/manga/184657?utm_source=comick,,https://www.mangaupdates.com/series/htmmw28?utm_source=comick
99sr80kM,Pick Me Up,reading,,163,2025-04-09,"Pick Me Up, Infinite Gacha,픽 미 업!,Pick Me Up!,PICK ME UP～低レア★英雄の成り上がり～,ピックミーアップ！低レア英雄の成り上がり,Pick Me up!! Tei Rea Eiyū No Nariagari,Gacha infinito,Pick me up, Gacha Infinito,Me Escolhe!,レア度★1の英雄として生き残る方法~PICK ME UP~,Pick Me Up !,PICK ME UP～低レア英雄の成り上がり～,Me Escolhe! Gacha Infinito,Pick Me Up, Infinite Gacha,Pick Me Up!,PICK ME UP～低レア★英雄の成り上がり～,¡Escógeme! Gacha Infinito,ピックミーアップ！低レア英雄の成り上がり,픽 미 업!",https://myanimelist.net/manga/154587?utm_source=comick,https://anilist.co/manga/159441?utm_source=comick,https://www.mangaupdates.com/series/r4ksmo5?utm_source=comick
HW5oQTRG,Urek Mazino,reading,,26,2025-02-09,"Tower of God: Urek's Ascent,อูเร็ค มาซิโน่,神之塔外传:乌雷克·马奇努,우렉 마지노,Tower of God: Urek Mazino,Torre de Deus: Urek Mazino,Tower of God: Urek's Ascent,우렉 마지노,Urek Maginot",https://myanimelist.net/manga/181485?utm_source=comick,https://anilist.co/manga/191727?utm_source=comick,https://www.mangaupdates.com/series/7ic4l1q?utm_source=comick
BQK0GXZ1,Mythic Item Obtained,reading,,144,2025-02-09,"신화급 귀속 아이템을 손에 넣었다,Я получил предмет мифического класса,من یک قطعه درجه اسطوره ای بدست آوردم,Sinhwageub Gwisog Aitem-eul son-e Neoh-eossda,I Obtained a Mythic Item,Eu Obtive um Item Mítico,À moi, l'item légendaire,Я Здобув Міфичний Предмет,พลิกชะตาคว้าไอเทมระดับเทพ,入手神话级专属装备,我获得了神级装备,神話級の帰属アイテムを手に入れた,神話級道具入手了！,Sinhwageup Gwisok Item-eul Sone Neoeotda",https://myanimelist.net/manga/150561?utm_source=comick,https://anilist.co/manga/151025?utm_source=comick,https://www.mangaupdates.com/series/itm1ceu?utm_source=comick
zoXFVygx,The Indomitable Martial King,reading,,97,2025-01-09,"권왕전생,拳王轉生,Gwonwangjeonsaeng,El Indomable Rey Marcial,KRÓL NIEWOLNIKÓW,Time Slip of the Fist King,La vie antérieur du roi des poings,The Indomitable Martial King,O Rei Marcial Indomável,Reincarnation of King Kwon,The Indomitable Martial King,Time Slip of Fist King,Time Slip of FistKing,Time Slip of the Fist King,ملك فنون يقصر القتال الذي,拳王に転生した最強大魔導士,拳王轉生,拳王转世,권왕전생",https://myanimelist.net/manga/168970?utm_source=comick,https://anilist.co/manga/176812?utm_source=comick,https://www.mangaupdates.com/series/pigqnp8?utm_source=comick
OY7hKOMr,Helmut: The Forsaken Child,reading,,105,2025-01-09,"Helmut (Kim Nan Sae),Helmut (Honyo),헬무트,Helmut,Helmut: A Criança Abandonada,Helmut: El Niño Abandonado,ヘルムート～魔物に育てられた子～,赫尔穆特·魔物养育之子",https://myanimelist.net/manga/151242?utm_source=comick,https://anilist.co/manga/154782?utm_source=comick,https://www.mangaupdates.com/series/kjv5b8d?utm_source=comick
yho6piZ9,Reborn Rich,reading,,,,"ხელახლა დაბადებული მდიდარი,ჩაბეოლის უმცროსი ვაჟი,The Youngest Son of a Conglomerate,The Youngest Son of Sunyang,재벌집 막내아들,Youngest Son of the Conglomerate,The Chaebeol's Youngest Son,The Youngest Son of a Chaebol Family,財閥家の末息子,財閥家的小兒子,财阀家的小儿子,الابن الأصغر لتكتل,تولد دوباره در خانواده پولدار,รีบอร์นริช,Cậu út nhà tài phiệt,Le plus jeune petit fils du conglomérat,El hijo menor de un millonario",https://myanimelist.net/manga/154318?utm_source=comick,https://anilist.co/manga/158766?utm_source=comick,https://www.mangaupdates.com/series/4v8x87y?utm_source=comick
lu3KZ5QL,The Dragon Slayer Academy's Hotshot,reading,,104,2025-30-08,"My Little Brother Is the Academy's Hotshot,The Hero's Younger Brother Is a Deceased Person in the Academy,The Little Brother Is the Academy's Hotshot,勇士弟弟是学院老油条,勇士弟弟超懂學院大小事,용사 동생은 아카데미 고인물,Yongsa Dongsaengeun Academy Goinmul,勇者の弟はアカデミーガチ勢,ငါ့ညီက ကျောင်းမှာ နာမည် ကြီး,Mi Hermano Pequeño Es El Mejor De La Academia",https://myanimelist.net/manga/156610?utm_source=comick,https://anilist.co/manga/163447?utm_source=comick,https://www.mangaupdates.com/series/69bj5e9?utm_source=comick
ieNorEEW,The Return of the Disaster-Class Hero,reading,,141,2025-30-08,"재앙급 영웅님이 귀환하셨다,Return of the Disaster-Class Hero,Возвращение героя катастрофы,Jaeanggeum Yeongungnimi Gwihwanhasyeotda,Resurrection of the Catastrophic Hero,بازگشت قهرمان سطح فاجعه,Felaket Kahramanın Dirilişi,A Disaster Class Hero Has Returned,Return of the Disaster-Level Hero,The Return of the Disaster-Class Hero Chapter,Возвращение героя уровня катастрофы,災いクラスの俺様英雄の帰還,災難級英雄歸來,灾难级英雄归来,การกลับมาของฮีโร่ระดับหายนะ,Jaeang-geup Yeongung-nim-i Gwihwan Hasyeotda",https://myanimelist.net/manga/149013?utm_source=comick,https://anilist.co/manga/143056?utm_source=comick,https://www.mangaupdates.com/series.html?id=193400&utm_source=comick
HIErXYA,A Regressor’s Tale of Cultivation,reading,,17,2025-30-08,"회귀수선전,回歸修仙傳,ARTOC | RToC | 回歸修仙傳 | 회귀수선전,La Leyenda de Cultivación de un Regresor",https://myanimelist.net/manga/183650?utm_source=comick,https://anilist.co/manga/194727?utm_source=comick,https://www.mangaupdates.com/series/rb74vwi?utm_source=comick
HHGiVJh,Childhood Friend of the Zenith,reading,,69,2025-30-08,"천하제일인의 소꿉친구,The best childhood friend in the world,Childhood Friend of the Zenith,Друг детства сильнейшего воина,Лучший друг детства на свете,Друг дитинства найсильнішого воїна,Найкращий друг дитинства у світі,Przyjaciel z dzieciństwa najsilniejszego wojownika,Najlepszy przyjaciel z dzieciństwa na świecie,صديق الطفولة لأقوى محارب,أفضل صديق طفولة في العالم,天下一品の幼なじみ,Cheonhajeirin-ui Sokkupchingu,Les amis d'enfance inegalés,Amigo de infância do Zênite,Amigo de la infancia del cenit,Amigo De La Infancia Zenith,Shadow of the Supreme ,Amigo de la infancia de Zenith,Amigo de la Infancia del Zenit,天下第一人の幼馴染,Amigo de la infancia de zenith,Amigo de la infancia del zenit,Childhood Friend of the Zenith,The Childhood Friend of the Greatest Under Heaven,天下第一的青梅竹马,천하제일인의 소꿉친구",https://myanimelist.net/manga/172844?utm_source=comick,https://anilist.co/manga/180890?utm_source=comick,https://www.mangaupdates.com/series/xirzt93?utm_source=comick
4jZ39j6d,World’s Greatest Senior Disciple,reading,,136,2025-29-08,"Unparalleled Senior Brother,천하제일 대사형,天下無双大師兄,天下第一大师兄,天下第一大師兄,World's Greatest Senior Disciple,El mejor discípulo,El mejor discípulo del mundo,El mejor discípulo mayor del mundo",https://myanimelist.net/manga/163668?utm_source=comick,https://anilist.co/manga/158259?utm_source=comick,https://www.mangaupdates.com/series/tgv2fez?utm_source=comick
J3Et4SIo,Emperor's Sword,reading,,90,2025-29-08,"황제의 검 (류신),황제의 검 (2023),皇帝の剣〜絶対至尊への道〜,L'épée de l'empereur,Sword of the Emperor,The Emperor's Sword (Leucine),The Sword of Emperor (Leucine),The Sword of the Emperor (Leucine),ดาบแห่งจักรพรรดิ,皇帝之剑,皇帝之劍",https://myanimelist.net/manga/172507?utm_source=comick,https://anilist.co/manga/169148?utm_source=comick,https://www.mangaupdates.com/series/12p3w57?utm_source=comick
l_Vjpvkq,Second Life Ranker,reading,,217,2025-29-08,"เกมชีวิตที่สอง ของแรงเกอร์,Ranker yang Hidup Dua Kali,Ранкер, который живёт второй раз,二度生きるランカー,두 번 사는 랭커,異界攻塔戰記,Ranker Who Lives A Second Time,The Ranker Who Lives Twice,SLR,Nido Ikiru Rankaa,Ranker Who Lives Twice,Rebirth of the Strongest Warrior,रैंकर जो दो बार जीता है,重生归来的战士,Du Beon Saneun Ranker",https://myanimelist.net/manga/147324?utm_source=comick,https://anilist.co/manga/109957?utm_source=comick,https://www.mangaupdates.com/series.html?id=154346&utm_source=comick
HIET4CH,Black Haze (2025),reading,,28,2025-26-08,"블랙 헤이즈,مه سیاه,Черная мгла,Schwarzer Dunst,Juoda migla,Brume noire,Bruma negra,ضباب اسود,블랙 헤이즈 (2025)",,,
j0AWlMg7,Chronicles of the Reincarnated Demon God,reading,,58,2025-25-08,"La leyenda del dios demonio reencarnado,転生魔神伝〜逆境を超えし覇王〜,Legend of the Reincarnated Demon God,환생마신전",https://myanimelist.net/manga/177080?utm_source=comick,https://anilist.co/manga/185817?utm_source=comick,https://www.mangaupdates.com/series/dvpb8s3?utm_source=comick
EPl3QHL_,Revenge of the Baskerville Bloodhound,reading,,127,2025-25-08,"철혈검가 사냥개의 회귀,Cheolhyeolgeomga Sanyanggaeui Hoegwi,Demir kanlı kılıç tazısının i̇ntikamı,回帰した鉄血の猟犬,铁血剑家猎犬的回归,عودة الكلب ذي الدم الحديدي,Revenge of the Sword Clan's Hound,Ang Paghihiganti ni VikVik,Ang pagpanimalos sa Irong-buang,Cheolhyeol Geomga Sanyanggaeui Hoegwi,Demir Kanlı Kılıç Tazısının İntikamı,Die Rückkehr des Jagdhundes aus Eisen und Blut,Kuduz Hançerin İntikamı,鐵血家族獵犬的重生,A vingança do cão de caça de sangue de ferro Baskerville,Revenge of the Iron-Blooded Sword Hound,Regression of the Ironblade Hound,Return of the Iron-Blooded Hound,Return of the Iron-Blooded Sword Hound,The Return of the Iron-Blood Sword Hound,La revanche du limier des Baskerville,O retorno do cão de caça dos Baskerville,El perro de metal,La venganza del sabueso de la espada sangrienta,La venganza del sabueso de sangre de hierro,การกลับมาของหมาล่าเนื้อตระกูลดาบเลือดเหล็ก,বাস্কেরভিলের শিকারীর প্রতিশোধ",https://myanimelist.net/manga/157888?utm_source=comick,https://anilist.co/manga/163824?utm_source=comick,https://www.mangaupdates.com/series/5v7h9gf?utm_source=comick
6wFG0hji,Boundless Ascension,reading,,150,2025-24-08,"나 혼자 특성빨로 무한 성장,Boundless Necromancer,Некромант, не знающий границ,Мой сольный бесконечный рост,Nigromante sin limites,Nigromante sin límites,The Boundless Necromancer,俺だけチート特性で無限成長,靠神級天賦無限成長,靠神级天赋无限成长,나 혼자 특성빨로 무한성장,นักล่าไร้ลิมิต",https://myanimelist.net/manga/155178?utm_source=comick,https://anilist.co/manga/159439?utm_source=comick,https://www.mangaupdates.com/series/qe0uj7a?utm_source=comick
HXTArZJ,Chronicle of Runes,reading,,,,"문양전,Chronicle of Runes,Emblem Battle,문양전,The Rune Wars,Mun Yang Jeon,Chronicle of Runes,Mun Yang Jeon,The Seal Wars,Emblem Battle",,https://anilist.co/manga/197417?utm_source=comick,https://www.mangaupdates.com/series/n6xn0fq?utm_source=comick
yyPnhtA_,All Hail the Sect Leader,reading,,444,2025-22-08,"The Greatest Sect Leader of All-Time,Wangu Zui Qiang Zong,万古最强宗,La secta más fuerte de todos los tiempos,Todos Saúdam o Líder da Seita,Wàngǔ Zuì Qiáng Zōng,Да здравствует лидер секты,Лидер секты,Сильнейшая секта всех времен,Vạn Cổ Tối Cường Tông",,https://anilist.co/manga/136499?utm_source=comick,https://www.mangaupdates.com/series/oyvebmw?utm_source=comick
Hv3WjuSR,Level Up with the Gods,reading,,142,2025-21-08,"Leveling Up With the Gods,Поднятие уровня с богами,Singwa Hamkke Level Up,เลเวลอัปไปกับเทพเจ้า,神と共にレベルアップ,与神一同升级,Leveling With the Gods,신과 함께 레벨업,Підняття рівня з богами,Upando com os deuses,與神共進,Level Up With the Gods,Level UP mit den Göttern,Nivelando con los Dioses,Subiendo de nivel junto a los Dioses,Subindo De Nível Com Os Deuses",https://myanimelist.net/manga/148009?utm_source=comick,https://anilist.co/manga/138222?utm_source=comick,https://www.mangaupdates.com/series.html?id=186811&utm_source=comick
oeY2OSRH,Regression of the Yong Clan Heir,reading,,22,2025-31-05,"天中龍門,천중용문,天中龍門,天中龙门,천중용문",,,
HIEegVt,The Investor Who Sees the Future,reading,,53,2025-18-08,"미래를 보는 투자자 | Prescient Investor,,미래를 보는 투자자,Prescient Investor,The Investor Who Sees the Future,Foresighting Investor",,,
sWZd4eEc,Chronicles of a Doomed Prodigy,reading,,49,2025-17-08,"How a Terminally Ill Genius Survives,시한부 천재가 살아남는 법,Surviving as a Genius on Borrowed Time,Sobreviviendo como un genio con tiempo prestado,短命天才生存法",https://myanimelist.net/manga/174692?utm_source=comick,,https://www.mangaupdates.com/series/y993vgb?utm_source=comick
2UmYsLgM,Chronicles of the Demon Faction,reading,,131,2025-16-08,"마도전생기,ตำนานการเกิดใหม่ในลัทธิมาร,魔道轉生記,魔道转生记,Crónicas de la Facción Demoníaca,Crônicas da Facção Demoníaca,魔道転生,Crónicas de la facción Demoniaca,Crónicas de la facción del demonio",https://myanimelist.net/manga/157591?utm_source=comick,https://anilist.co/manga/164222?utm_source=comick,https://www.mangaupdates.com/series/kuw7coe?utm_source=comick
kaaCgLlD,Dwitgolmok Mabeopsa-ui Hoegwi Saenghwal,reading,,,,"뒷골목 마법사의 회귀생활,The Back-Alley Mage’s Return",,https://anilist.co/manga/196875?utm_source=comick,https://www.mangaupdates.com/series/8xehze6?utm_source=comick
NLQxbB6l,World's Strongest Survivor,reading,,21,2025-13-08,"서바이벌로 세계 최강,Kanun Tanımaz Oyuncu,Survival-ro Segye Choegang,El sobreviviente más fuerte del mundo",,https://anilist.co/manga/191819?utm_source=comick,https://www.mangaupdates.com/series/k0k2k3h?utm_source=comick
PKUYjwxw,Your Talent is Mine,reading,,103,2025-11-08,"Wo Neng Fu Zhi Tian Fu,I Can Copy Talents,I Copy Talents,我能复制天赋,Talent Copycat,Tu talento es mio,Ability Copy,Le collectionneur de talents,Seu Talento é Meu!,Thiên Tài Sao Chép,Wo Neng Fuzhi Tianfu,موهبتك ملك لي,ناسخ المواهب,アビリティ・コピー,능력먹는 플레이어,Your Talent Is Mine",,https://anilist.co/manga/138366?utm_source=comick,https://www.mangaupdates.com/series.html?id=184589&utm_source=comick
tg69C49O,My Inventory Is Abnormal,reading,,,,"My Inventory Is Abnormal,俺のインベントリがおかしい,내 인벤토리가 이상하다,Something's Wrong With My Inventory,내 인벤토리가 이상하다,Unknown",,https://anilist.co/manga/179556?utm_source=comick,https://www.mangaupdates.com/series/tk2xzur?utm_source=comick
4BIMafEZ,The Youngest Son of the Eunhae Merchant Group,reading,,28,2025-04-08,"The Youngest Son of the Eunhae Sangdan,은해상단 막내아들,El hijo menor del Grupo Mercantil Eunhae,Tiểu Công Tử Của Ân Hạ Thương Đoàn",,https://anilist.co/manga/193752?utm_source=comick,https://www.mangaupdates.com/series/4w0h14q?utm_source=comick
54Zwh6iY,After Ten Millennia in Hell,reading,,123,2025-04-08,"만 년 만에 귀환한 플레이어,Игрок, который вернулся спустя 10 000 лет,Man Nyeon Mane Gwihwanhan Player,Гравець, який повернувся через 10 000 років,Гравець, Який Повернувся Після 10,000 Років,만 년 만 에 귀환 한 플레이어,1万年ぶりに帰還したプレイヤー,After Ten Millenia in Hell,Aşağı Dünyanın Efendisi,Jugador Que Regresó 10.000 Años Después,Man Nyeon Man-e Gwihwanhan Player,To Hell and Back,Гравець, Який Повернувся Після 10,000 Років.,เพลเยอร์ผู้กลับมาในรอบหมื่นปี,时隔万年回归的玩家,歷經萬年回歸的玩家,Player Who Returned 10,000 Years Later,Jugador que regresó 10.000 años después,O Jogador Retorna Depois de 10 Mil Anos,O Jogador Retorna Após 10 mil Anos",https://myanimelist.net/manga/150210?utm_source=comick,https://anilist.co/manga/153284?utm_source=comick,https://www.mangaupdates.com/series/biuiwcm?utm_source=comick
DQcxRep4,My Disciples Are All Big Villains,reading,,16,2025-01-08,"My Disciples Are All Villains,我的徒弟都是大反派,Wo De Tudi Dou Shi Da Fanpai,Wǒ De Túdì Dōu Shì Dà Fǎnpài,My Apprentices Are All Great Villains,Mis Discípulos son Todos Grandes Villanos,Đồ Đệ Của Ta Đều Là Đại Phản Phái,大悪党たちの師匠に転生した,빌런제자양성록,Đồ Đệ Của Ta Đều Là Trùm Phản Diện",,,
HHGfgZ7,Artifact-Devouring Player,reading,,25,2025-13-07,"Artifact-Devouring Player,神器吞噬者,아티팩트 먹는 플레이어,我靠吞噬神器变强,아티팩트 먹는 플레이어,Artifact-Devouring Player",,https://anilist.co/manga/188686?utm_source=comick,https://www.mangaupdates.com/series/dy29umq?utm_source=comick
2JgZQTd2,Log-in Murim,reading,,232,2025-31-07,"ログイン武林,로그인 무림,登录武林系统,Логин Мурим,Logeuin Murim,Connexion au Murim,Login Murim,Murim Login,Log-In Murim,Inicio de sesión en el murim,로그인무림,Logado no Mundo Murim,Murim Login,ログイン武林,登录武林系统,로그인 무림",https://myanimelist.net/manga/147389?utm_source=comick,https://anilist.co/manga/120385?utm_source=comick,https://www.mangaupdates.com/series.html?id=166824&utm_source=comick
ot6FlAq0,The 100th Regression of the Max-Level Player,reading,,64,2025-30-07,"A Centésima Regressão do Jogador de Nível Máximo,La centième régression du joueur niveau max,만렙 플레이어의 100번째 회귀,Mallep Player-ui 100-beonjjae Hoegwi,La regresión 100 del jugador de nivel máximo,100-та регресія гравця максимального рівня,The Max-Level Player's 100th Regression,Man-Level Player-ui 100-beonjjae Hoegwi,การกลับมาครั้งที่ 100 ของผู้เล่นเลเวลแม็กซ์,カンストプレイヤーの100回目の回帰,满级玩家的第100次回归,重生百次的最強玩家",,,
SIAAnO__,Reverend Insanity [2025],reading,,,,"Преподобный Гу,蛊真人 (2025),เทพปีศาจหวนคืน,القس المجنون,Cổ Chân Nhân (2025)",,,
CnikgmT2,The Demonic Cult Instructor Returns,reading,,15,2025-07-07,"귀환마교관,Returning Demon Instructor",,https://anilist.co/manga/195513?utm_source=comick,https://www.mangaupdates.com/series/2exyena?utm_source=comick
h841H3sQ,Eat Before You Go,reading,,,,"밥먹고가라,The Demon Slayer's Restaurant,Eat and Go",,https://anilist.co/manga/192888?utm_source=comick,https://www.mangaupdates.com/series/3c802lc?utm_source=comick
pDzrEyhX,"Han Daesung, Back From Hell",reading,,134,2025-26-07,"지옥에서 돌아온 한대성,Han Dae Sung Returned From Hell,Jiogeseo Doraon Handaeseong,Returned from Hell,Daesung Han Retorna del Infierno,Han Dae Seong Came Back From Hell,地獄から帰ってきた絶対者,霸主屹立于地狱之上",https://myanimelist.net/manga/157553?utm_source=comick,https://anilist.co/manga/163820?utm_source=comick,https://www.mangaupdates.com/series/wecnky0?utm_source=comick
HIEmvys,Full-Time Awakening,reading,,,,"全职觉醒,全职觉醒,Full-Time Awakening,Quanzhi Juexing",,https://anilist.co/manga/197224?utm_source=comick,https://www.mangaupdates.com/series/aom2lfb?utm_source=comick
ESkahI1J,The Absolute Ruler of the House,reading,,22,2025-18-07,"房子的绝对者,The Ultimate Shut-in,โทษที พื้นที่นี้ห้ามออก!,家之王者,Absolute Dweller,El soberano del hogar,Absolute Person in Every Corner,The Ultimate Shut-In,집구석 절대자,The Absolute Ruler of the House",,,
RRnUTCWf,"Strength Through Adversity, My Cultivation Knows No Limits",reading,,,,"Possessing Me: The Untouchable Outsider,遇强则强,Yù Qiáng Zé Qiáng, Wǒ De Xiū Wéi Wú Shàng Xiàn,Limitless Ascension: Strength Amid Adversity,As I Become Stronger When I Meet a Strong Opponent, My Cultivation Has No Upper Limit,My cultivation has no limits,遇强则强，我的修为无上限,Yu Qiang Ze Qiang, Wo De Xiu Wei Wu Shang Xian,Força Através da Adversidade, Meu Cultivo Não Tem Limites",,,
4kITMR1v,Wild Ranker,reading,,12,2025-10-07,와일드 랭커,,,https://www.mangaupdates.com/series/135uiz6?utm_source=comick
HIF1Zpp,Regressing as the Reincarnated Bastard of the Sword Clan,reading,,59,2025-09-07,"Regressing as the Reincarnated Bastard of the Sword Clan,How to Survive as the Bastard of the Regression Sword Clan,Como vive un bastardo en su regresión, The Life of a Regressed Sword master’s Illegitimate Son,Regresando como el bastardo reencarnado del Clan de la Espada,La regresión del bastardo reencarnado del Clan de la Espada,กลับชาติใช้ชีวิตใหม่ของลูกนอกสมรสแห่งตระกูลดาบ,The Bastard of Swordborne,회귀검가의 서자가 사는 법,Hoegwigeomgaui Seojaga Saneun Beop,Regressing As The Bastard Of The Sword Clan",,,
HIEYMO9,I Became the Genius Bastard of a Noble Dark Clan,reading,,37,2025-07-07,"암흑명가 천재 망나니가 되었다,암흑명가 천재 망나니가 되었다,Me convertí en el genio bastardo de un noble clan oscuro,Eu me tornei o gênio bastardo de um nobre clã das trevas",,,
8pwPhuG_,A Cadet Becomes a Prophet?!,reading,,,,,,,
hpYRR9no,I Will Raise This Family to Greatness,reading,,,,"I Will Raise This Family Up,I Will Raise This Family!,이 집안을 일으켜세우겠습니다!,The Baby Who Will Build an Empire",https://myanimelist.net/manga/180009?utm_source=comick,https://anilist.co/manga/188621?utm_source=comick,https://www.mangaupdates.com/series/elabqqm?utm_source=comick
EscVbP1e,The Concept-Grasping Magical Genius,reading,,,,"The Genius of Magical Mastery,개념 잡는 마법 천재,개념 잡는 마법 천재",,,
HIEXsYM,Disciple of the Three Kings,reading,,47,2025-04-07,"삼왕의 제자,The Three Kings' Disciple,삼왕의 제자,Three Kings' Disciple",https://myanimelist.net/manga/177488?utm_source=comick,,https://www.mangaupdates.com/series/odtvht6?utm_source=comick
HIENuWv,The Third Prince of the Fallen Kingdom has Regressed,reading,,,,"멸망한 왕국의 3왕자가 회귀했다,myeolmanghan wang-gug-ui 3wangjaga hoegwihaessda,Возвращение третьего принца падшего королевства,დაცემული სამეფოს მესამე პრინცის დაბრუნება,The Third Prince of the Fallen Kingdom Has Regressed,The Third Prince of the Fallen Kingdom Has Regressed,멸망한 왕국의 3왕자가 회귀했다,The Three Princes of the Fallen Kingdom Have Returned",,,
lScjkiSP,The Return of the Legendary Archmage,reading,,58,2025-03-07,"El regreso del archimago mítico,レイベル・ヴァイテナーの魔導継承,神话级大魔法师的归来,The Reincarnation of the Great Mage in Myth,The Return of the Mythical Archmage,The Return of the Legendary Archmage,신화 속 대마법사의 재림",,,
IS9XgW_S,Descended from Divinity,reading,,164,2025-02-07,"천마는 평범하게 살 수 없다,The Reincarnation of the Dark Master,Реинкарнация тёмного магистра,The Heavenly Demon Can't Live a Normal Life,Cheonmaneun Pyeongbeomhage Sal Su Eopda,天魔的不凡重生,Тэнгэрлэг Чөтгөр Энгийнээр Амьдарч Чадахгүй,O Demônio Celestial não pode viver uma Vida Normal,Небесний демон не може жити нормальним життям,El demonio celestial no puede llevar una vida normal,天魔に平凡な人生はない,มารสวรรค์จะมีชีวิตธรรมดาไม่ได้หรอก!",https://myanimelist.net/manga/147847?utm_source=comick,https://anilist.co/manga/136204?utm_source=comick,https://www.mangaupdates.com/series.html?id=183577&utm_source=comick
RNiqeWou,The Fox-Eyed Villain of the Demon Academy,reading,,31,2025-29-06,"The Narrow-Eyed Villain of the Demon Academy,마계 아카데미의 실눈 악역",,https://anilist.co/manga/190356?utm_source=comick,https://www.mangaupdates.com/series/gzg2ay2?utm_source=comick
cDM1OGgv,Doomsday: Virus Monarch,reading,,4,2025-29-06,"全民末日：我！病毒君王,末日の進化:ウィルス王の覚醒,末日の進化：ウィルス王の覚醒,Doomsday: Virus Monarch,Apocalipse Global: Eu Sou o Rei dos Vírus!,Doomsday for All: Me, Virus Monarch,全民末日：我，病毒君王,Virus King",,https://anilist.co/manga/177363?utm_source=comick,https://www.mangaupdates.com/series/bkrq9c6?utm_source=comick
HIFItur,I Killed an Academy Player,reading,,68,2025-29-06,"我殺了學院玩家,I Killed the Player of the Academy,Academy Player-reul Jugyeotda,아카데미 플레이어를 죽였다,I Killed an Academy Player,Yo maté al jugador de la Academia,I Killed the Academy Player,アカデミーの主人公を殺した,アカデミープレイヤーを殺した,ไอ้เพลเยอร์นั่น ฉันฆ่ามันเอง,Tôi Đã Giết Tuyển Thủ Học Viện",https://myanimelist.net/manga/165028?utm_source=comick,https://anilist.co/manga/173020?utm_source=comick,https://www.mangaupdates.com/series/jbia152?utm_source=comick
iE0hmbYC,The Stellar Swordmaster,reading,,95,2025-24-06,"The Stellar Swordmaster,Le chevalier aux armoiries d'étoiles,별을 품은 소드마스터,Star-Fostered Swordmaster,星剣のソードマスター,星剑大师,星耀劍士,ยอดนักดาบผู้โอบอุ้มดารา,El maestro de la espada cogedor de estrellas,El maestro de la espada acogedor de estrellas,Star-Embracing Swordmaster,Byeoreul Pumeun Swordmaster",https://myanimelist.net/manga/163116?utm_source=comick,https://anilist.co/manga/170400?utm_source=comick,https://www.mangaupdates.com/series/cnro3u3?utm_source=comick
HIEUEeg,The God of War Who Regressed to Level 2,reading,,100,2025-23-06,"2레벨로 회귀한 무신,El dios marcial que regresó al nivel 2,The God of War Who Regressed to Level 2,レベル2から始まるやり直し,เทพนักรบผู้หวนคืนสู่เลเวล 2,2 Level Hoegwihan Musin,El Dios marcial que regresó al nivel 2,El Dios marcial que retrocedió al nivel 2,The Martial God Who Regressed to Level 2,Deus marcial retorna ao nível 2,Warlord Who Returned to Level 2,Martial God Regressed to Level 2,2等武神,The Warlord Returned to Level 2,回归到level 2的武神",,,
mjFPuBIu,Limit-Breaking Genius Mage,reading,,,,"The Genius Wizard Who Breaks Limits,A Genius Wizard Who Breaks Boundaries,한계 찢는 천재마법사,ไม่มีลิมิต ชีวิตจอมเวท,한계 찢는 천재마법사,A Genius Wizard Who Breaks Boundaries,A Genius Wizard Who Breaks Boundaries / 한계 찢는 천재마법사",,https://anilist.co/manga/193513?utm_source=comick,https://www.mangaupdates.com/series/0m9cegg?utm_source=comick
sSdUskm5,There Are No Bad Warriors in This World,reading,,38,2025-14-06,"There’s No Such Thing as a Bad Hero in the World,世上沒有壞勇者,There Are No Bad Warriors in the World,There Are No Bad Heroes in This World,세상에 나쁜 용사는 없다",https://myanimelist.net/manga/176222?utm_source=comick,https://anilist.co/manga/185991?utm_source=comick,https://www.mangaupdates.com/series/g1v9l2l?utm_source=comick
zxfEWEvs,Return of the Hound,reading,,70,2025-12-06,"Bloodhound's Regression Instinct,El instinto de regresión del sabueso,The Return Instinct of the Hunting Dog,The Returning Instinct of a Hound,猎狗的回归本能,猟犬の回帰本能,사냥개의 회귀본능,사냥개의 회귀본능,Bloodhound's Regression Instinct",,,
LHup5qVT,The Greatest Estate Developer,reading,,191,2025-11-06,"역대급 영지 설계사,The Greatest Estate Designer,史上最高の領地設計士,The World's Best Engineer,史诗级领地设计师,Система всемогущего дизайнера,MŚCICHUJ,史詩級領地設計師,Yeokdaegeum Yeongji Seolgyesa,দ্য গ্রেটেস্ট এস্টেট ডেভেলপার,Bậc Thầy Thiết Kế Điền Trang,desarrollador inmobiliario,El mejor,El mejor desarrollador inmobiliario,Loco chiflado,Loco Frontera,O Melhor Engenheiro Do Mundo,ยอดสถาปนิกผู้พิทักษ์อาณาจักร,El Mejor Ingeniero del Mundo,El Mejor Diseñador Inmobiliario,Bậc Thầy Thiết Kế Điền Trang",https://myanimelist.net/manga/147272?utm_source=comick,https://anilist.co/manga/140407?utm_source=comick,https://www.mangaupdates.com/series.html?id=186405&utm_source=comick
MWtItRof,Supreme Zerg Lord,reading,,64,2025-09-06,"Overlord of Insects,The Zerg Dominator,The King of the Insects,全民：我虫族主宰,Insect Overlord,Overlord of Insect,The King of Insects,全民：我虫族主宰，玩的就是天灾,我，虫族主宰,虫族主宰，我玩的就是天灾,転生したら蟲使いになった,Supreme Zerg Lord: The Catastrophe,The Zerg Overlord,ملك الحشرات,Insect Overlord | Overlord of Insect | Overlord of Insects | Supreme Zerg Lord | The King of Insects | The Zerg Dominator | 全民：我虫族主宰，玩的就是天灾 | 我，虫族主宰 | 虫族主宰，我玩的就是天灾 | 転生したら蟲使いになった",,,
MdAxLzXQ,Murim RPG Simulation,reading,,144,2025-09-06,"천마육성,Heavenly Demon Cultivation Simulation,Восхождение небесного демона,天魔育成,天魔玩家,Murim RPG Simulation,Cultivation of Heaven,Kutsal İblis Yetişimi,天魔育成,เส้นทางสู่เทพมาร",https://myanimelist.net/manga/147642?utm_source=comick,https://anilist.co/manga/141076?utm_source=comick,https://www.mangaupdates.com/series.html?id=189950&utm_source=comick
GimPhk1K,To Be an Actor,reading,,33,2025-06-06,"Be the Actor,Baeuroseo Salgetda,I Will Live as an Actor,배우로서 살겠다,役者として生きる,Vivre comme un acteur,Comment vivre selon un acteur,Voy a vivir como un actor",https://myanimelist.net/manga/155890?utm_source=comick,https://anilist.co/manga/160454?utm_source=comick,https://www.mangaupdates.com/series/mtwk25n?utm_source=comick
_RNJITG9,Reincarnated as a Genius Prodigy of a Prestigious Family,reading,,54,2025-05-06,"Chuyển Sinh Thành Thiên Tài Xuất Chúng Của Danh Môn Thế Gia,Reencarné como un genio de linaje prestigioso,Reborn as the Greatest Talent of the Noble Family,名家の天才に転生しました,I Was Reincarnated as a Brilliant Genius of a Prestigious Lineage,Reincarnated as a Genius Prodigy of a Prestigious Family,명가의 역대급 재능천재로 환생했다,Reborn as the Overpowered Genius Lord,명가의 역대급 재능천재로 환생했다",,,
fqj0I1TJ,Reincarnated as an Unruly Heir,reading,,109,2025-04-06,"重生不良小教主,Vice-Lord's Rebirth,I Reincarnated as the Crazed Heir,ハチャメチャ魔教の小教主に転生した件,重生不良少教主,Реинкарнация в безумного наследника,망나니 소교주로 환생했다,El regreso del Demonio Loco,Mangnani Sogyojuro Hwansaenghaetda,Reencarné como el heredero loco,เกิดอีกทีเป็นว่าที่ประมุขลัทธิมาร,Reencarne Como El Heredero Loco",https://myanimelist.net/manga/148512?utm_source=comick,https://anilist.co/manga/138397?utm_source=comick,https://www.mangaupdates.com/series.html?id=185739&utm_source=comick
Qy66f_CI,Latna Saga: Survival of a Sword King,reading,,76,2025-03-06,"拔剑九亿次,이계 검왕 생존기,Igye Geomwang Saengjongi,การเอาชีวิตรอดของราชาดาบในต่างโลก,異世界剣王生存記,異界劍王生存記,Король меча,История выживания короля меча в фэнтезийном мире,Survival Story of a Sword King in a Fantasy World,Otherworldly Sword King's Survival Records,Latna Saga: Sopravvivenza di un Re della Spada in un Altro Mondo,The Survival Story of the Sword King in Another World,Registros de supervivencia del Rey de la Espada del Otro Mundo,Latna Saga: A Jornada do Rei Espadachim,Las flipantes aventuras del rey de la espada en otro mundo,Isekai Kenou Seizon-ki,Survival Story of a Sword King,The Survival Record of the Sword King in Another World,異界剣王生存記,이계검왕생존기,A Sword King’s Fantasy World Survival Story,Rey de la espada,حماسه رثنا: بقای پادشاه شمشیر",https://myanimelist.net/manga/146982?utm_source=comick,https://anilist.co/manga/114605?utm_source=comick,https://www.mangaupdates.com/series.html?id=160778&utm_source=comick
HHGhP7Z,Level 999 Goblin,reading,,,,"레벨999 고블린,ก็อบลินเลเวล 999,Lv999哥布林,레벨999 고블린,ë ë²¨999 ê³ ë¸ë¦°",,https://anilist.co/manga/192813?utm_source=comick,https://www.mangaupdates.com/series/nfyob5y?utm_source=comick
HIEfVez,Martial Evolution: Start by Awakening the King of Monsters,reading,,,,"Cao Võ Tiến Hóa: Bắt Đầu Thức Tỉnh Quái Thú Chi Vương,Martial Evolution: Starting from Awakening Godzilla's Physique,高武进化：从觉醒怪兽之王开始,Evolución de Alto Nivel: Comenzando como el Rey de los Monstruos,Martial Evolution: Starting from Awakening Godzilla's Physique / é«æ­¦è¿åï¼ä»è§éæªå½ä¹çå¼å§",,,
PzA2FKRV,The Count's Youngest Son Is a Gamer,reading,,100,2025-19-05,"The Youngest of the Count Is Actually a Player,The Youngest Son of the Count Is a Player,De jugador a NPC legendario,El hijo menor del Conde es un jugador,The Count's Youngest Son Is a Player,伯爵家の末息子は最強プレイヤー,백작가 막내아들은 플레이어",https://myanimelist.net/manga/165026?utm_source=comick,https://anilist.co/manga/173186?utm_source=comick,https://www.mangaupdates.com/series/xwtmpwt?utm_source=comick
COc5bRIV,House Mayton's Youngest,reading,,91,2025-18-05,"Mabeommyeongga Mangnaeadeul,Moi, Mage et Méchant,The Youngest Son of a Magician,名門魔術師一家の出来損ない,法师家族的恶少小儿子,House Mayton's Youngest,Youngest Scion of the Mages,El Hijo Menor del Renombrado Clan Mágico,Youngest Son of the Renowned Magic Clan,마법명가 막내아들",https://myanimelist.net/manga/153519?utm_source=comick,https://anilist.co/manga/156558?utm_source=comick,https://www.mangaupdates.com/series/ntbq5qj?utm_source=comick
LN1gAHNy,Super Gene,reading,,226,2025-16-05,"超级神基因,Super God Gene,Chaoji Shen Jiyin,Chāojí Shén Jīyīn,SSS級エイリアンハンター～最底辺生物狩りから始まる成り上がり～",,https://anilist.co/manga/146404?utm_source=comick,https://www.mangaupdates.com/series.html?id=193686&utm_source=comick
jfuVawLO,Max Talent Player,reading,,75,2025-13-05,"才能MAXプレイヤー,Max Talent Player,Talent Management Player,A Talented Player,재능만렙 플레이어,Jaeneungmallep Peulleieo,天赋满级玩家,才能滿點玩家,Maxed Talent Player / Talent Management Player / A Talented Player / 재능만렙 플레이어",,,
M0fF4h3N,F-Rank Fortune Hunter,reading,,81,2025-11-05,"F-Class Destiny Hunter,F급 사주 헌터,F-Geub Saju Hunter,Cazador de destinos de clase F,F級四柱推命ハンター〜運命を強奪せよ〜,O Caçador de Destinos Rank F,F級四柱獵人,นักล่าดวงชะตา เกรด F",https://myanimelist.net/manga/158399?utm_source=comick,https://anilist.co/manga/164996?utm_source=comick,https://www.mangaupdates.com/series/4wa1aa4?utm_source=comick
9uQQBcD6,The White Tower's Rogue Mage,reading,,7,2025-30-04,"The Magic Tower's Problematic Child,El chico problemático de la torre mágica,Проблемный ребёнок магической башни,জাদু মিনারের অবাধ্য ছেলে,마탑의 문제아들,The Magic Tower Problematic Child,Matabui Munjeadeul,The Magic Tower's Problem Child",https://myanimelist.net/manga/180507?utm_source=comick,https://anilist.co/manga/189264?utm_source=comick,https://www.mangaupdates.com/series/jhqbdi0?utm_source=comick
6RhVx4Oa,Just Read Me Already!,reading,,47,2025-06-05,"I Became a Legendary Arch Mage by Reading a Book,I Become a Legendary Arch Mage by Reading a Book,Please Read It,Please Read Me,ไหว้ละพี่ อ่านผมทีเถอะ,読んでください、お願いです!,読んでください、お願いです！,제발 좀 읽어달라고,Reincarnated as a Legendary Grimoire,I Became a Legendary Archmage by Reading a Book,Por Favor Me Leia,Me Tornei uma Arquimaga Lendária ao Ler um Livro",https://myanimelist.net/manga/174224?utm_source=comick,https://anilist.co/manga/184588?utm_source=comick,https://www.mangaupdates.com/series/fl7gajo?utm_source=comick
7GH57L5x,Special Civil Servant!,reading,,,,"Specjalny Urzędnik Państwowy,Extraordinary Civil Servant,ข้าราชการพิเศษ,特殊公務員は今日も命がけです,特聘公務員,별정직 공무원",,,
12XG_k3V,I Was Immediately Mistaken for a Monster Genius Actor,reading,,,,"I Was Mistaken as a Monstrous Genius Actor,Tôi Bị Hiểu Lầm Là Diễn Viên Thiên Tài Quái Vật,誤打誤撞成為怪物天才演員,대뜸 착각당했다 괴물 천재배우로,Eu fui confundido como um ator gênio monstro,Acteur de génie par accident,Mistaken for a Genius Actor,ฉันเนี่ยนะ นักแสดงขั้นเทพ,대뜸 착각당했다 괴물 천재배우로",,,
KMpUeUWE,I Came Back as a Martial Genius,reading,,90,2025-19-04,"회귀했더니 무공 천재,EL REGRESO DEL GENIO DE LAS ARTES MARCIALES,Return of the Martial Arts Genius,I Came Back and I Was a Martial Genius,I Came Back, a Martial Genius,I Come Back and I'm a Martial Arts Genius,Martial Art Genius Returnee,Returned as a Martial Arts Genius,The Resurgent Martial Prodigy,When I Went Back, I Was a Martial Arts Genius,回帰したら武功の天才,重生后发现我竟是武功天才,Returned as a Martial Genius",https://myanimelist.net/manga/165084?utm_source=comick,https://anilist.co/manga/170554?utm_source=comick,https://www.mangaupdates.com/series/ui5k4nz?utm_source=comick
rwq0tOTa,Level 1 Player,reading,,85,2025-23-04,"1레벨 플레이어,Игрок 1-го уровня,Lv1プレイヤー,1 Seviye Oyuncu,1等级玩家,Forever Level One,一等玩家,Player Level 1",https://myanimelist.net/manga/149138?utm_source=comick,https://anilist.co/manga/144126?utm_source=comick,https://www.mangaupdates.com/series.html?id=194468&utm_source=comick
Zujbr0TC,Skill Master Levels Up,reading,,100,2025-12-04,"2周目プレイヤー、最高難易度を無双してレベルアップ,Levelling Up Through Skills,Skill Masters Level Up,เลเวลอัปด้วยสกิลขั้นเทพ,スキルアローンモードでレベルアップ,獨行技能王,这一世我要当独行玩家,스킬빨로 레벨업,Leveling Up With Skills,Seukilbballo Lebeloep,Ascension Through Skills,Level Up With Skills,Subiendo de nivel con las mejores habilidades",https://myanimelist.net/manga/159834?utm_source=comick,https://anilist.co/manga/165689?utm_source=comick,https://www.mangaupdates.com/series/sk3jlmc?utm_source=comick
MpuAjPA4,The Legend of the Northern Blade,reading,,201,2025-09-04,"Bắc Kiếm Giang Hồ,북검전기,Buggeomjeongi,Biographie de l'épée du nord,北剣伝記,Legend of the Northern Blade,Легенда о северном клинке,Солтүстік жүз аңызы,Легенда про північний клинок,Chronicles of The Northern Sword,Bukgeom Jeongi,Chronicles of the Northern Sword,北剑江湖,Kuzey Kılıcı Efsanesi",https://myanimelist.net/manga/134744?utm_source=comick,https://anilist.co/manga/119521?utm_source=comick,https://www.mangaupdates.com/series.html?id=166922&utm_source=comick
Di19IEo5,The Lord of Coins,reading,,151,2025-08-04,"Lordun Parası Azalmaz Mı?,The Lord's Coins Aren't Decreasing?!,Разве монета лорда не уменьшается?!,領主大人的次元交易戰,Grenzenloser Reichtum,영주님의 코인이 줄지 않음?!,The Lord’s Coins Aren’t Decreasing?!,คอยน์เจ้าเมืองไม่ลดลงเลย?!,領主様のコインは減らない!?,领主大人的金币用不完,Does The Lord's Coin Not Shrink?!,Yeongjunimui Koini Julji Aneum?!,Насколько же богат этот граф?!,À JAMAIS RICHE !,El Dinero Del Señor No Disminuye",https://myanimelist.net/manga/148679?utm_source=comick,https://anilist.co/manga/133708?utm_source=comick,https://www.mangaupdates.com/series.html?id=180577&utm_source=comick
eGrWrVOG,The Demon King Levels Up,reading,,97,2025-25-03,"武功魔王,Demon Lord's Martial Arts Ascension,무공으로 레벨업하는 마왕님,The Demon Lord Levels Up With Martial Arts,レベルアップする魔王様,The Demon King Levels Up,La ascensión marcial del Dios Demonio,ราชาปีศาจผู้อัปเวลด้วยวรยุทธ์,レベルアップする魔王様,勇士非也，魔王是也,Martial Demon King",https://myanimelist.net/manga/154960?utm_source=comick,https://anilist.co/manga/157560?utm_source=comick,https://www.mangaupdates.com/series/axqscyo?utm_source=comick
6_bD3LCs,Heavenly Demon Reborn!,reading,,252,2025-25-03,"新马擎天记,新馬擎天記,Kroniki Niebiańskiego Demona,神魔驚天記,신마경천기,Chroniques démoniaques,Хроники Святого Демона,Chronicles of Heavenly Demon,Shinma Gyeongcheongi,The Chronicles of Heavenly Demon,Sinma Gyeongcheongi,Divine Astonishment,Jinma Gyouten-ki,Shin Makyou Tenki",https://myanimelist.net/manga/147572?utm_source=comick,https://anilist.co/manga/107518?utm_source=comick,https://www.mangaupdates.com/series.html?id=152551&utm_source=comick
HIFItus,The Last Adventurer,reading,,59,2025-25-03,"최후의 모험가,Последний искатель приключений,Choehu-ui Moheomga,Maplestory: The Last Adventurer,The Last Adventurer,메이플스토리: 최후의 모험가,Останній Авантюрист,El último aventurero,最後の冒険者",,,
qxilXyaR,Omniscient Reader's Viewpoint,reading,,237,2025-24-03,"Omniscient Reader,ORV,Lecteur omniscient,Lector omnisciente,全知的な読者の視点から,全知读者,전독시,전지적 독자 시점,Punkt Widzenia Wszechwiedzącego Czytelnika,Góc nhìn của Độc giả Toàn tri,Всеведущий читатель,دیدگاه خواننده‌ی همه‌چی‌دون,وجهة نظر القارئ العراف,อ่านชะตาวันสิ้นโลก,全知讀者視角,全知读者视角,Der allwissende Leser,Toàn Trí Độc Giả,Jeonjijeok Dokja Sijeom,Omniscient Reader's Point of View,Ponto de vista de um leitor onisciente,Punto de vista de lector omnisciente,خواننده همه فن حریف,全知的讀者時點,全讀時,전지적독자시점,Всезнаючий читач",https://myanimelist.net/manga/132214?utm_source=comick,https://anilist.co/manga/119257?utm_source=comick,https://www.mangaupdates.com/series.html?id=167681&utm_source=comick
bsDER2lR,The Genius AssassinWho Takes It All,reading,,70,2025-17-03,"The Genius Assassin Who Eats All By Himself,The Genius Assassin Who Eats Everything Alone,全靠自己的暗杀天才,悪役作家はチート暗殺者,自導自演的天才暗殺者,O assassino genial que absorve tudo,Honja Da Hae Meongneun Cheonjae Amsalja,혼자 다 해 먹는 천재 암살자,The Genius Assassin Who Eats Everything,El genio asesino lo tomará todo",,,
BGFHlkI8,The Great Wizard Transcendent,reading,,125,2025-12-03,"Archmage Transcending Through Regression,회귀로 초월하는 대마도사,Arquimago Transcendido Pela Regressão,Hoegwiro Chowolhaneun Daemadosa,L'archimage transcende par revenir en le temps,El archimago que trascendiendo a través de la regresión,Архимаг, преодолевающий регрессию,Sil baştan büyücü,回帰して世界を変える大魔法使い,超越时间的大魔导士,Ma pháp sư vĩ đại hồi quy,Archmage Who Transcends by Returning,逆轉時光的大魔導士,La Transcendance du grand mage",https://myanimelist.net/manga/153859?utm_source=comick,https://anilist.co/manga/155618?utm_source=comick,https://www.mangaupdates.com/series/m8lw9la?utm_source=comick
1FPOvLUd,Why I Quit Being the Demon King,reading,,43,2025-08-03,"마왕을 그만둔 이유,Mawangeul Geumandun Iyu,Alasan Mengapa Aku Berhenti Jadi Raja Iblis,Renuncié a ser el rey demonio,The Reason Why I Quit Being the Demon King,魔王退休計畫,魔王を辞めて勇者をプロデュースしてみた,마왕을 그만둔 이유",,,
BB2OGCSU,Return of the Blossoming Blade,reading,,152,2025-08-03,"Hwasan Gwihwan,Hoa Sơn Quy Hoàn,화산귀환,Return of the Mount Hua Sect,Return of Sword Master,Volcanic Return,หวนคืนสู่ฮวาซาน,剑尊归来,劍尊歸來,Возрождение Хуашань,Hwasangwihwan,Return of the Flowery Mountain Sect,Return of the Huashan Sect,劍尊歸來 第二季,花山歸還,華山帰還,Le retour du clan Hwasan,Retorno da seita do monte hua,El regreso de la secta del monte hua,Die Rückkehr der Huashan-Sekte,El Regreso de la Secta del Monte Hua,El retorno de la hoja del Ciruelo,Secta de la montaña,O Retorno da Seita do Monte Hua,Return of the Sword Master (LICO)",https://myanimelist.net/manga/146878?utm_source=comick,https://anilist.co/manga/132144?utm_source=comick,https://www.mangaupdates.com/series.html?id=179258&utm_source=comick
UjNMubYz,"God-level Assassin, I’m the Shadow",reading,,,,网游：神级刺客，我即是暗影,,https://anilist.co/manga/189647?utm_source=comick,https://www.mangaupdates.com/series/ojm6lln?utm_source=comick
_8BpMfmj,Relife Player,reading,,65,2025-28-02,"리라이프 플레이어,Re:Life Player,Re: Life Player,RELIFE PLAYER ～不死身の狂戦士の回帰～,Вернувшийся игрок,Однажды умерший игрок,不灭玩家的轮回",https://myanimelist.net/manga/154232?utm_source=comick,https://anilist.co/manga/159438?utm_source=comick,https://www.mangaupdates.com/series/12lnw56?utm_source=comick
LkI8DghT,Returning With Absolutely Nothing,reading,,,,"Regresion inutil,쥐뿔도 없는 회귀,Worthless Regression,Владея Ничем,Jwippuldo Eobsneun Hoegwi,Possessing Nothing,とんでもない回帰,这一世，看我称霸天下,Un Misérable Retour,Бесполезная Регрессия",https://myanimelist.net/manga/152612?utm_source=comick,https://anilist.co/manga/147027?utm_source=comick,https://www.mangaupdates.com/series.html?id=198658&utm_source=comick
_Yo2tLum,The Magic Genius of the Marquis House,reading,,30,2025-12-02,"The Marquis's Family Magical Genius,The Marquis' Magic Genius,The Magic Genius of the Marquis,후작가의 마법 천재,El genio mágico del Marqués",,https://anilist.co/manga/183696?utm_source=comick,https://www.mangaupdates.com/series/e36jo1q?utm_source=comick
IVuZuu94,Emperor of Steel,reading,,,,강철대제,,,
ssI5N7iK,Duke Pendragon: Master of the White Dragon,reading,,119,2025-05-02,"Baengnyonggongjang,Hakuryuu Koushaku Pendragon,백룡공작 팬드래건,White Dragon Duke: Pendragon,白龍公爵ペンドラゴン,Регрессия Герцога Пендрагона,Duque Pendragon,El Duque del dragón blanco: Pendragon,Duke Pendragon,ดยุกมังกรขาว เพนดรากอน,Duc Pendragon, le dragon blanc,Герцог Пендрагон: повелитель белого дракона,白龙公爵佩德·莱欧,白龙公爵佩德莱欧,白龍公爵 Pendragon,Baeglyong-Gongjag Pendragon",,https://anilist.co/manga/143025?utm_source=comick,https://www.mangaupdates.com/series.html?id=193351&utm_source=comick
jZY2wg89,The Celestial Returned from Hell,reading,,133,2025-02-02,"A Constelação que Voltou do Inferno,지옥에서 돌아온 성좌님,地獄から蘇った聖座様,Созвездие, вернувшееся из бездны,A Constelação que Voltou do Inferno,The Celestial That Returned from Hell,The Constellation Returned From Hell,The Constellation That Returned From Hell,بازگشت رب النوع از جهنم,从地狱归来的圣座,地獄から蘇った聖座様,지옥에서 돌아온 성좌님,The Celestial Returned From Hell,The Constellation That Returned From Hell,La costellazione che tornò dall'inferno,从地狱归来的圣座",https://myanimelist.net/manga/147569?utm_source=comick,https://anilist.co/manga/132457?utm_source=comick,https://www.mangaupdates.com/series/r3mpe2x?utm_source=comick
013D0gnq,My Blasted Reincarnated Life,reading,,81,2025-17-01,"該死的輪迴,빌어먹을 환생,Чертова реинкарнация,تناسخ لعنتی,Reinkarnasi Brengsek,অভিশপ্ত পুনর্জন্ম,Bireomeogeul Hwansaeng,การเกิดใหม่สุดเฮงซวย,Damn Reincarnation,Fichue réincarnation,Dannata reincarnazione,Maldita reencarnación,このろくでもない素晴らしき転生,糟糕的重生,轉生後變成天才",https://myanimelist.net/manga/149438?utm_source=comick,https://anilist.co/manga/151512?utm_source=comick,https://www.mangaupdates.com/series/j7x0kkd?utm_source=comick
V_8hhTSD,I Raided the Demon God's Treasure Trove,reading,,32,2024-10-11,"I Robbed the Storehouse of the God,I Raided the Demon God's Treasure Trove,마신의 창고를 털었습니다,I Raided the God's Warehouse",,https://anilist.co/manga/180948?utm_source=comick,https://www.mangaupdates.com/series/el5tmzg?utm_source=comick
HIEVbtp,Admission is a Waste of Time,reading,,,,"입학은 괜히 해 가지고,입학은 괜히 해 가지고,Why Did I Have to Enroll?,I shouldn't have enrolled",https://myanimelist.net/manga/176056?utm_source=comick,https://anilist.co/manga/186020?utm_source=comick,https://www.mangaupdates.com/series/5kng3cb?utm_source=comick
Vf8oINR2,Genius Archer’s Livestreaming,reading,,,,"천재 궁수의 스트리밍,Genius Archer's Streaming,Stream Của Cung Thủ Thiên Tài,สตรีมมิงยอดนักธนูอัจฉริยะ,天才弓箭手的直播,弓で無双する初心者ストリーマー,Genius Archer's Livestreaming,Stream de l'archer de génie,Genius Archer’s Streaming",https://myanimelist.net/manga/169874?utm_source=comick,https://anilist.co/manga/180166?utm_source=comick,https://www.mangaupdates.com/series/qwlro65?utm_source=comick
_x731rN2,Lord Hero of House Remes,reading,,1,2024-28-11,"Duke's Eldest Son Is a Regressed Hero,El hijo mayor del duque es un héroe regresor,Hero Becomes Duke's Eldest Son,Hero Becomes the Eldest Son of a Duke,Um Herói no Ducado,屠龙王的重启人生,英雄、公爵家の長男になる,The Hero Becomes Duke's Eldest Son,The Hero Became the Duke's Eldest Son,Duke's Eldest Son is a Regressed Hero,영웅, 공작가 장남 되다",https://myanimelist.net/manga/173472?utm_source=comick,https://anilist.co/manga/179431?utm_source=comick,https://www.mangaupdates.com/series/66518zu?utm_source=comick
Bh6_eJnk,I Am Not a Regressor,reading,,,,"나는 회귀자가 아닙니다,No soy un regresor,Naneun Hoegwijaga Anipnida,I'm Not a Regressor,俺は回帰者じゃないけれど",https://myanimelist.net/manga/165030?utm_source=comick,https://anilist.co/manga/171719?utm_source=comick,https://www.mangaupdates.com/series/f3cn8ah?utm_source=comick
HIESrPW,Eternally Regressing Knight,reading,,31,2024-13-11,"Oneulman Saneun Gisa,The Knight Only Lives Today,A Knight Who Eternally Regresses,Der Ritter lebt nur heute,O cavaleiro em eterna regressão,Caballero en eterna regresión,อัศวินวันเดียว,死に戻り騎士は今日も生きる,只活今天的轮回骑士,今日騎士,Powracający Rycerz,The Knight Only Lives Today,오늘만 사는 기사,Eternally Regressing Knight,Le chevalier qui ne vit qu'aujourd'hui",https://myanimelist.net/manga/170427?utm_source=comick,https://anilist.co/manga/177706?utm_source=comick,https://www.mangaupdates.com/series/gcls85m?utm_source=comick
c1xUXpEj,The Dragon's Guide to Defying Death,reading,,49,2024-13-11,"시한부 드래곤의 생존법,Survival Guide for a terminally-ill Dragon,How to Survive as a Dragon with Time-Limit,How to Survive as a Terminally-Ill Dragon,Phương Pháp Sinh Tồn Của Rồng Sắp Ngủm,How to Survive as a Time-Limited Dragon",https://myanimelist.net/manga/169517?utm_source=comick,https://anilist.co/manga/181994?utm_source=comick,https://www.mangaupdates.com/series/5kkrgj8?utm_source=comick
T6rtctyA,My Daughter Is the Final Boss,reading,,141,2024-10-11,"我的女兒是最終頭目,灭世女神今年5岁,내 딸은 최종 보스,Моя дочь — Финальный Босс,Nae Ddar'eun Cheojong Boss,Nae Ttareun Choejong Boss,Ma fille est le boss final,Mia figlia è il boss finale,Моя донька - фінальний бос,Миний охин бол эцсийн BOSS,俺の娘はラスボス,我的女儿是最终的老板,我的女兒是最終的老闆,Putriku Adalah Bos Terakhir,Minha Filha é a Chefã Final,Mi Hija es el Jefe Final,我的女兒是滅世大魔王",https://myanimelist.net/manga/150203?utm_source=comick,https://anilist.co/manga/147636?utm_source=comick,https://www.mangaupdates.com/series.html?id=199625&utm_source=comick
NJcI16EN,Playing Revenge Against God,reading,,27,2024-06-11,"31번째 말은 게임판을 뒤엎는다,31 Beonjjae Mareun Geimpaneul Dwieopneunda,31-я фигура перевернёт игровую доску,The 31st Piece Turns the Tables,The 31st Piece Overturns the Board,La 31ma pieza revierte la situación,31番目の駒はゲームを支配する,Playing Revenge Against God",https://myanimelist.net/manga/160655?utm_source=comick,https://anilist.co/manga/60017?utm_source=comick,https://www.mangaupdates.com/series/8rzvmia?utm_source=comick
FRpxlMwo,World's Strongest Troll,reading,,,,"Game Choegang Troller,Quỷ Troll Mạnh Nhất Thế Giới,The Unrivaled Troll,The World's Strongest Troll,最強ゲーマーはトロールしたい,游戏最强搅局者,游戏最强破坏玩家,遊戲最強破壞玩家,게임 최강 트롤러,The Game's Top Troll,The Game's Greatest Troll,El Troll más fuerte del mundo",https://myanimelist.net/manga/153853?utm_source=comick,https://anilist.co/manga/159121?utm_source=comick,https://www.mangaupdates.com/series/3aicwol?utm_source=comick
nLsPVSdO,Existence,reading,,72,2024-02-11,"존재,Jonjae,Existencia,La Existencia,Reason to Live (Kwangjin),Tồn Tại Vĩnh Hằng,存在,最後の転生,Existence (Gwang Jin)",https://myanimelist.net/manga/150840?utm_source=comick,https://anilist.co/manga/153987?utm_source=comick,https://www.mangaupdates.com/series/xilnncr?utm_source=comick
RAkdZxvw,I'm a Part-Timer for the Gods,reading,,,,"신들의 알바나라,The Part-Time Land of the Gods,Albanala of the Gods,Albanian of the Gods,Became A Part Time Employee For Gods,I Became A Part Time Employee For Gods,I'm a Part-Timer for the Gods,The Part Time Nation of the Gods,Me convertí en empleado a tiempo parcial para los Dioses,神々より与えられしバイト,神的打工世界,Albanara of the Gods,จ๊อบพิเศษ เทพสั่งมา,眾神的打工仔",https://myanimelist.net/manga/157616?utm_source=comick,https://anilist.co/manga/161500?utm_source=comick,https://www.mangaupdates.com/series/3rm5dq8?utm_source=comick
71gMd0vF,Solo Leveling,reading,,,,"我独自升级,我獨自升級,Na Honjaman Lebel-eob,Ore Dake Level Up na Ken,나 혼자만 레벨업,俺だけレベルアップな件,Поднятие уровня в одиночку,Na Honjaman Level-Up,I Alone Level-Up,Jogador solo,Upando sozinho,Singur îmi ridic nivelul,Тільки я візьму новий рівень,سولو لولینگ,تکرو,केवल मैं स्तर बढ़ाता हूं,सोलो लेभलिङ,Aku Level Up Sendiri,Grinding Sendiri,Ben yanlız gelişirim,Tek başına seviye atlama,სოლო ლეველინგი,سولو ليفيلنغ,الإرتقاء بالمستوى منفردًا,俺だけレベルアップな件〜外伝〜,Sadece Ben Seviye Atlayabiliyorum,Yalnız Seviye Atlama,I am the only the one who levels up,Solo Adtritio,সোলো লেভেলিং,שחקן בודד,சோலோ லெவெலிங்,सोलो लेवलिंग,Egyéni szintlépés,Only I Level up,I level up alone,Jogador Solo,Upando Sozinho,나혼렙",https://myanimelist.net/manga/121496?utm_source=comick,https://anilist.co/manga/105398?utm_source=comick,https://www.mangaupdates.com/series.html?id=151349&utm_source=comick
LLZxqU1v,The Overpowered Newbie,reading,,,,"뉴비가 너무 강함,Слишком сильный нуб,The Newbie is Too Strong,La Force du débutant,ビギナーなのに強すぎる！,苦讀型超強新手,菜鸟手握通关秘诀,Soy un Novato Demasiado fuerte,The Newbie Is Too Strong,มือใหม่แกร่งเกินต้าน",https://myanimelist.net/manga/148458?utm_source=comick,https://anilist.co/manga/151457?utm_source=comick,https://www.mangaupdates.com/series/3gyubpa?utm_source=comick
g_Jpt1ML,Dark and Light Martial Emperor,reading,,,,"Monochrome Sovereign,黑白武帝,흑백무제,Black and White Martial Emperor,Black and White Martial Emperor / íë°±ë¬´ì ",https://myanimelist.net/manga/168969?utm_source=comick,https://anilist.co/manga/172932?utm_source=comick,https://www.mangaupdates.com/series/dto0zyp?utm_source=comick
Q1L985_t,Idle Player Returns as a God,reading,,,,"Counterattack From a Failed Job,Desperté como un Dios después de batallar en solitario durante un millón de años,El jugador inactivo regresa como un dios,I Awoke as a God After Auto Battling for a Million Years,Online Game: I Stayed Idle For A Million Years, and I Woke Up to Become a God,外れジョブからの逆襲,网游：挂机百万年，我醒来成神,After Millions of Years, I Woke Up to Be a God!,Idle Player Returns as a God,Wangyou: Gua Ji Bai Wan Nian, Wo Xing Lai Cheng Shen,Wǎngyóu: Guà Jī Bǎi Wàn Nián, Wǒ Xǐng Lái Chéng Shén,I Awoke as a God After Auto Battling For a Million Years / Online Game: I Stayed Idle For A Million Years, and I Woke Up to Become a God / 网游：挂机百万年，我醒来成神",,https://anilist.co/manga/180705?utm_source=comick,https://www.mangaupdates.com/series/bd6c779?utm_source=comick
R6AB5tN_,The Maxed-Out Player,reading,,,,"Jugador de nivel máximo,만렙 플레이어,Max Talent Player,The Maxed-out Player,Counter Stop Player,Max Level Player,Counter Stop Player,カンストプレイヤー,练级20年，出门就是满级反派,เพลเยอร์เลเวลตัน",https://myanimelist.net/manga/157258?utm_source=comick,https://anilist.co/manga/166159?utm_source=comick,https://www.mangaupdates.com/series/chc1vt4?utm_source=comick
jdUERzlE,Seoul Station Necromancer,reading,,,,"地铁站的亡灵巫师,Seoul Station's Necromancer,Seoul-yeog Necromancer,ソウル駅のネクロマンサー,เนโครแมนเซอร์แห่งสถานีโซล,서울역 네크로맨서,Seoul Station’s Necromancer,NIGROMANTE DE LA ESTACIÓN DE SEÚL,Некромант города Сеул",https://myanimelist.net/manga/147490?utm_source=comick,https://anilist.co/manga/140896?utm_source=comick,https://www.mangaupdates.com/series.html?id=190245&utm_source=comick
bpxuXlYk,Return of the War God,reading,,,,"Crónicas del regreso del dios marcial,Record of the Heavenly Demon's Comeback,Chronicles of the Martial God,Le retour du dieu martial,Crônicas do retorno do deus marcial,Crónicas del dios marcial,Crónicas del retorno del dios marcial,Возвращение бессмертного,بازگشت خدای هنرهای رزمی,A hadak ura visszatér,Возвращение еретика,ตำนานเทพยุทธ์หวนปฐพี,Ký sự về sự trở lại của thần chiến,무신귀환록,Record of Return,Chronicles of a Returner,Musingwihwallok,武神帰還録,武神回归录,Chronicles of the Martial God's Return,Dövüş sanatları tanrısının dönüşü,Chroniken der Rückkehr des martialischen Gottes,Dios marcial",https://myanimelist.net/manga/153399?utm_source=comick,https://anilist.co/manga/150319?utm_source=comick,https://www.mangaupdates.com/series/dmnckia?utm_source=comick
HUIcQdn4,The Hero Returns,reading,,,,"Hero, Returns,영웅, 회귀하다,Герой возвращается,Hero Returns,英雄、回帰する,英雄回帰する,英雄归来,重新覺醒的英雄,Heroe, regresa,Yeongung, Hoegwihada,El héroe regresa,عودة البطل",https://myanimelist.net/manga/150455?utm_source=comick,https://anilist.co/manga/146017?utm_source=comick,https://www.mangaupdates.com/series.html?id=197285&utm_source=comick
531DmNZI,Hunter Academy’s Strongest Battle God,reading,,40.5,2024-15-10,"헌터 아카데미의 최강투신,Hunter Academy's Strongest Battle God,Hunter Academy's Greatest War God,Непобедимый бог академии охотников,El Dios de la Batalla de la Academia de Cazadores,Hunter Academy's Battle God,Đệ Nhất Chiến Thần Của Học Viện Thợ Săn,ハンターアカデミーの最強闘神,Hunter Academy's Invincible Martial God",https://myanimelist.net/manga/173255?utm_source=comick,https://anilist.co/manga/177058?utm_source=comick,https://www.mangaupdates.com/series/d66o7lp?utm_source=comick
RNMe7nKU,Villain to Kill,reading,,,,"빌런투킬퓨핀,反派绝杀,빌런투킬,Villano para matar,Tiêu Diệt Ác Nhân,Убить злодея,反派絕殺,ヴィラン・トゥ・キル",https://myanimelist.net/manga/147191?utm_source=comick,https://anilist.co/manga/130149?utm_source=comick,https://www.mangaupdates.com/series/uikn3xv?utm_source=comick
7j6YU2d0,Ranker's Return,reading,,,,"Ranker's Return (2021),ランカーの帰還,Возвращение ранкера,榜上玩家的归还,랭커의 귀환 (2021),Ranker's Return (Remake),Cao Thủ Trở Lại,การกลับมาของแรงเกอร์,戰神歸來",,https://anilist.co/manga/137969?utm_source=comick,https://www.mangaupdates.com/series.html?id=186006&utm_source=comick
Obe3d6p7,Cleric of Decay,reading,,,,"Bupaeui Saje,El Hijo de la Corrupción,悪神に仕える司祭になった,腐敗司祭,腐朽的祭司,O Sacerdote da Corrupção,Priest of Corruption,Priest of Decay,부패의 사제,El Sacerdote de la Corrupción,The Priest of Corruption",https://myanimelist.net/manga/159904?utm_source=comick,https://anilist.co/manga/167165?utm_source=comick,https://www.mangaupdates.com/series/a9ye3t1?utm_source=comick
HIF08KP,Children of the Rune,reading,,,,"룬의 아이들 - 윈터러,Lun-ui Aideul - Winteoleo,Children of the Rune: Winterer,Winterer,สงครามดาบอักขระเวท ภาคดาบเหมันต์,ルーンの子供たち・冬の剣,符文之子：冬霜劍,魔剑奇缘,룬의 아이들,Children of the Rune,룬의 아이들 윈터러,บุตรแห่งรูน,符文之子,ルーンの子供たち",https://myanimelist.net/manga/171794?utm_source=comick,https://anilist.co/manga/181992?utm_source=comick,https://www.mangaupdates.com/series/ib8cqvg?utm_source=comick
E08Un0l6,Tyrant of the Tower Defense Game,reading,,120,2024-08-10,"디펜스 게임의 폭군이 되었다,Me convertí en el tirano de un juego de defensa,Defense Game Pokguni Doeeotda,成为塔防游戏里的暴君,ผู้พิชิตเกมป้องกันฐาน,I Became the Tyrant of a Defense Game,Sono diventato il tiranno di un tower defense,ディフェンスゲームの暴君になった,成為塔防遊戲的暴君",https://myanimelist.net/manga/153518?utm_source=comick,https://anilist.co/manga/153513?utm_source=comick,https://www.mangaupdates.com/series/i5sjf4k?utm_source=comick
MIdqldxR,Return of the King of Hell,reading,,7,2024-02-10,"The Descent Of The Underworld God,Reincarnation Path of The Underworld King,ยมราชลงทัณฑ์,염라강림,Yeomna Advent,Return of the Hell King,閻羅降臨,The Descent of the Underworld King,Reincarnation Path of the Underworld King",https://myanimelist.net/manga/170110?utm_source=comick,https://anilist.co/manga/171723?utm_source=comick,https://www.mangaupdates.com/series/bccpxzp?utm_source=comick
n7acu4Ir,How to Fight,reading,,28,2024-23-09,"Ssaumdokak,格鬥實況,싸움독학,Comment se Battre,Viral Hit!,Hit viral,Como Lutar,I Can Fight Better,Self Taught Fight,Борьба в прямом эфире,นักสู้ทูปเบอร์,喧嘩独学,直播风暴,Viral Hit,Kenka Dokugaku,Ssaumdoghag",https://myanimelist.net/manga/139164?utm_source=comick,https://anilist.co/manga/121991?utm_source=comick,https://www.mangaupdates.com/series.html?id=167008&utm_source=comick
EOJkw0Mk,How to Use a Returner,reading,,50.5,2024-22-09,"회귀자 사용설명서,Инструкция по перерождению,Hoegwija Sayongseolmyeongseo,Sayongseolmyeongseo,Hoegwija,Como Usar um Regressor,Kí Sự Hồi Quy,Manual de Instrucciones del Reencarnado,Regressor Instructional Manual,คู่มือการใช้งานของนักข้ามเวลา,回帰者の取扱説明書,回归者使用说明书,回歸者使用說明書,当反派拥有了全知属性,Manuel de comment bien utiliser un régresseur temporel,Regressor Instruction Manual",https://myanimelist.net/manga/147318?utm_source=comick,https://anilist.co/manga/141007?utm_source=comick,https://www.mangaupdates.com/series.html?id=190936&utm_source=comick
wPdBYO_o,QUESTISM,reading,,153,2024-07-09,"퀘스트지상주의,Квестовое превосходство,Quest Jisangjuui,Quest Supremacy,Supremacía de las Misiones,Quest Supremacism,Quest 至上主義,クエスト至上主義,任務至上主義",https://myanimelist.net/manga/148666?utm_source=comick,https://anilist.co/manga/140837?utm_source=comick,https://www.mangaupdates.com/series.html?id=190796&utm_source=comick
fWnYoxG7,The Dark Mage’s Return to Enlistment,reading,,,,"귀환했는데 입대 전날이다,Returned to the Day I Joined the Army,I Returned, But It Was the Day Before My Enlistment,O Retorno do Mago Negro ao Alistamento,El retorno del mago oscuro del alistamiento,The Dark Mage's Return to Enlistment,Возвращение темного мага,Возвращение тёмного мага на военную службу,กลับโลกมนุษย์ทั้งที พรุ่งนี้ต้องเกณฑ์ทหารซะงั้น,异界凯旋后重返战场",https://myanimelist.net/manga/157232?utm_source=comick,https://anilist.co/manga/164122?utm_source=comick,https://www.mangaupdates.com/series/02oic5g?utm_source=comick
yDm32aOJ,The Beginning After the End,reading,,182,2024-31-08,"O começo após o final,O começo depois do fim,TBATE,三岁开始做王者,最強の王様、二度目の人生は何をする？,끝이 아닌 시작,Начало после конца,El comienzo después del fin,آغاز پس از پایان,সমাপ্তির পর সূচনা,Початок після кінця,La Vida Después de la Muerte,Oxiridan Keyingi Boshlanish",,,https://www.mangaupdates.com/series/rwg23en?utm_source=comick
mZF3uF35,The Advanced Player of the Tutorial Tower,reading,,206,2024-31-08,"Туториал продвинутого игрока в башне,Zaawansowany gracz wieży samouczka,튜토리얼 탑의 고인물,Tutorial Tabui Goinmul,L'expert de la Tour Tutoriel,El jugador avanzado de la torre del tutorial,Pemain Level Tinggi Menara Tutorial,The Master Of Tutorial Tower,برجِ تمرینیِ بازیکنِ پیشرفته,チュートリアル塔の廃人,ผู้เล่นขั้นเทพแห่งหอคอยฝึกสอน,被塔诅咒的猎人,The Tutorial Tower's Advanced Player,被塔詛咒的獵人,Der Fortgeschrittene Spieler des Tutorialturms,Опытный игрок Учебной Башни,Der fortgeschrittene Spieler des Tutorialturms,L'expert de la tour tutoriel [Webtoon French],The Advanced Player of the Tutorial Tower [French],Eğitim Kulesi'nin Usta Oyuncusu,The Tutorial Tower of the Advanced Player",https://myanimelist.net/manga/146742?utm_source=comick,https://anilist.co/manga/119276?utm_source=comick,https://www.mangaupdates.com/series.html?id=166529&utm_source=comick
xIrej8Kp,Vagabond,reading,,,,"Avare,Lãng Khách,Бродяга,المتشرد,วากาบอนด์,バガボンド,浪客行,베가본드,Vagabundo,Serseri,Vagabundo,Avare,आवारा",https://myanimelist.net/manga/656?utm_source=comick,https://anilist.co/manga/30656?utm_source=comick,https://www.mangaupdates.com/series.html?id=387&utm_source=comick
fVr6ofKT,Gosu,reading,,3,2024-18-08,"고수,استاد,خبره,گوسو,مستر,高手,Мастер,高手～武術の達人～,Gosu (The Master),Gosu - Histoire d'un expert martial,The Master,高手",https://myanimelist.net/manga/147530?utm_source=comick,https://anilist.co/manga/86640?utm_source=comick,https://www.mangaupdates.com/series.html?id=127968&utm_source=comick
SE3Re4TL,A Dance of Swords in the Night,reading,,125,2024-15-08,"칼에 취한 밤을 걷다,In the Night Consumed by Blades, I Walk,Kare Chwihan Bameul Geotda,Sword Fanatic Wanders Through the Night,醉剑夜行,刀に酔った夜を歩く,Camino en la noche consumido por las espadas,El despiadado de la espada que anda por la noche",https://myanimelist.net/manga/148457?utm_source=comick,https://anilist.co/manga/150823?utm_source=comick,https://www.mangaupdates.com/series/g4xtsfy?utm_source=comick
cZFcoGh_,I'm Stuck on the Same Day for a Thousand Years,reading,,58,2024-02-08,"I’m Trapped in This Day for One Thousand Years,Wǒ Bèi Kùn Zài Tóngyī Tiān Yīqiān Nián,我被困在同一天一千年,1000年間同じ日を繰り返した俺は無双する,Estuve Atrapado en Este Día Durante Mil Años,I'm Trapped in This Day for One Thousand Years,Llevo Mil Años Atascado en el Mismo Día,Llevo Mil Años Atrapado en el Mismo Día,Wo Bei Kun Zai Tongyi Tian Yiqian Nian,Я застрял в одном и том же дне на тысячу лет,무한 루프에서 탈출하기,Eternal Loop: A Thousand-Year Grind,Ta Bị Kẹt Cùng Một Ngày 1000 Năm",,https://anilist.co/manga/161520?utm_source=comick,https://www.mangaupdates.com/series/lyqadle?utm_source=comick
f28FW4OR,Necromancer Academy and the Genius Summoner,reading,,,,"Necromancer Academy's Genius Summoner,네크로맨서 학교의 소환천재,Necromancer Hakgyoui Sohwancheonjae,死靈術師學院的召喚天才,ยอดอัจฉริยะแห่งโรงเรียนเนโครแมนเซอร์,ネクロマンサー学園の天才召喚士",https://myanimelist.net/manga/164754?utm_source=comick,https://anilist.co/manga/171818?utm_source=comick,https://www.mangaupdates.com/series/o38jhwh?utm_source=comick