id,title,type,rating,chapters_read,last_read,reading_category,synonyms_count,top_synonyms,has_mal,has_anilist,has_mangaupdates
2JgZQTd2,Log-in Murim,reading,,232,"July 31, 2025",Long Reader,5,"ログイン武林, 로그인 무림, 登录武林系统",True,True,True
oeY2OSRH,Regression of the Yong Clan Heir,reading,,22,"May 31, 2025",Early Chapters,4,"天中龍門, 천중용문, 天中龍門",False,False,False
ieNorEEW,The Return of the Disaster-Class Hero,reading,,141,"August 30, 2025",Well Advanced,5,"재앙급 영웅님이 귀환하셨다, Return of the Disaster-Class Hero, Возвращение героя катастрофы",True,True,True
lu3KZ5QL,The Dragon Slayer Academy's Hotshot,reading,,104,"August 30, 2025",Well Advanced,5,"My Little Brother Is the Academy's Hotshot, The Hero's Younger Brother Is a Deceased Person in the Academy, The Little Brother Is the Academy's Hotshot",True,True,True
HIErXYA,A Regressor’s Tale of Cultivation,reading,,17,"August 30, 2025",Early Chapters,4,"회귀수선전, 回歸修仙傳, ARTOC | RToC | 回歸修仙傳 | 회귀수선전",True,True,True
HHGiVJh,Childhood Friend of the Zenith,reading,,69,"August 30, 2025",Mid Progress,5,"천하제일인의 소꿉친구, The best childhood friend in the world, Childhood Friend of the Zenith",True,True,True
ot6FlAq0,The 100th Regression of the Max-Level Player,reading,,64,"July 30, 2025",Mid Progress,5,"A Centésima Regressão do Jogador de Nível Máximo, La centième régression du joueur niveau max, 만렙 플레이어의 100번째 회귀",False,False,False
9uQQBcD6,The White Tower's Rogue Mage,reading,,7,"April 30, 2025",Early Chapters,5,"The Magic Tower's Problematic Child, El chico problemático de la torre mágica, Проблемный ребёнок магической башни",True,True,True
4jZ39j6d,World’s Greatest Senior Disciple,reading,,136,"August 29, 2025",Well Advanced,5,"Unparalleled Senior Brother, 천하제일 대사형, 天下無双大師兄",True,True,True
J3Et4SIo,Emperor's Sword,reading,,90,"August 29, 2025",Mid Progress,5,"황제의 검 (류신), 황제의 검 (2023), 皇帝の剣〜絶対至尊への道〜",True,True,True
l_Vjpvkq,Second Life Ranker,reading,,217,"August 29, 2025",Long Reader,5,"เกมชีวิตที่สอง ของแรงเกอร์, Ranker yang Hidup Dua Kali, Ранкер",True,True,True
RNiqeWou,The Fox-Eyed Villain of the Demon Academy,reading,,31,"June 29, 2025",Early Chapters,2,"The Narrow-Eyed Villain of the Demon Academy, 마계 아카데미의 실눈 악역",False,True,True
cDM1OGgv,Doomsday: Virus Monarch,reading,,4,"June 29, 2025",Early Chapters,5,"全民末日：我！病毒君王, 末日の進化:ウィルス王の覚醒, 末日の進化：ウィルス王の覚醒",False,True,True
HIFItur,I Killed an Academy Player,reading,,68,"June 29, 2025",Mid Progress,5,"我殺了學院玩家, I Killed the Player of the Academy, Academy Player-reul Jugyeotda",True,True,True
_8BpMfmj,Relife Player,reading,,65,"February 28, 2025",Mid Progress,5,"리라이프 플레이어, Re:Life Player, Re: Life Player",True,True,True
HIET4CH,Black Haze (2025),reading,,28,"August 26, 2025",Early Chapters,5,"블랙 헤이즈, مه سیاه, Черная мгла",False,False,False
pDzrEyhX,"Han Daesung, Back From Hell",reading,,134,"July 26, 2025",Well Advanced,5,"지옥에서 돌아온 한대성, Han Dae Sung Returned From Hell, Jiogeseo Doraon Handaeseong",True,True,True
j0AWlMg7,Chronicles of the Reincarnated Demon God,reading,,58,"August 25, 2025",Mid Progress,4,"La leyenda del dios demonio reencarnado, 転生魔神伝〜逆境を超えし覇王〜, Legend of the Reincarnated Demon God",True,True,True
EPl3QHL_,Revenge of the Baskerville Bloodhound,reading,,127,"August 25, 2025",Well Advanced,5,"철혈검가 사냥개의 회귀, Cheolhyeolgeomga Sanyanggaeui Hoegwi, Demir kanlı kılıç tazısının i̇ntikamı",True,True,True
eGrWrVOG,The Demon King Levels Up,reading,,97,"March 25, 2025",Mid Progress,5,"武功魔王, Demon Lord's Martial Arts Ascension, 무공으로 레벨업하는 마왕님",True,True,True
6_bD3LCs,Heavenly Demon Reborn!,reading,,252,"March 25, 2025",Long Reader,5,"新马擎天记, 新馬擎天記, Kroniki Niebiańskiego Demona",True,True,True
HIFItus,The Last Adventurer,reading,,59,"March 25, 2025",Mid Progress,5,"최후의 모험가, Последний искатель приключений, Choehu-ui Moheomga",False,False,False
6wFG0hji,Boundless Ascension,reading,,150,"August 24, 2025",Well Advanced,5,"나 혼자 특성빨로 무한 성장, Boundless Necromancer, Некромант",True,True,True
iE0hmbYC,The Stellar Swordmaster,reading,,95,"June 24, 2025",Mid Progress,5,"The Stellar Swordmaster, Le chevalier aux armoiries d'étoiles, 별을 품은 소드마스터",True,True,True
qxilXyaR,Omniscient Reader's Viewpoint,reading,,237,"March 24, 2025",Long Reader,5,"Omniscient Reader, ORV, Lecteur omniscient",True,True,True
HIEUEeg,The God of War Who Regressed to Level 2,reading,,100,"June 23, 2025",Well Advanced,5,"2레벨로 회귀한 무신, El dios marcial que regresó al nivel 2, The God of War Who Regressed to Level 2",False,False,False
rwq0tOTa,Level 1 Player,reading,,85,"April 23, 2025",Mid Progress,5,"1레벨 플레이어, Игрок 1-го уровня, Lv1プレイヤー",True,True,True
yyPnhtA_,All Hail the Sect Leader,reading,,444,"August 22, 2025",Long Reader,5,"The Greatest Sect Leader of All-Time, Wangu Zui Qiang Zong, 万古最强宗",False,True,True
Hv3WjuSR,Level Up with the Gods,reading,,142,"August 21, 2025",Well Advanced,5,"Leveling Up With the Gods, Поднятие уровня с богами, Singwa Hamkke Level Up",True,True,True
PzA2FKRV,The Count's Youngest Son Is a Gamer,reading,,100,"May 19, 2025",Well Advanced,5,"The Youngest of the Count Is Actually a Player, The Youngest Son of the Count Is a Player, De jugador a NPC legendario",True,True,True
KMpUeUWE,I Came Back as a Martial Genius,reading,,90,"April 19, 2025",Mid Progress,5,"회귀했더니 무공 천재, EL REGRESO DEL GENIO DE LAS ARTES MARCIALES, Return of the Martial Arts Genius",True,True,True
HIEegVt,The Investor Who Sees the Future,reading,,53,"August 18, 2025",Mid Progress,5,"미래를 보는 투자자 | Prescient Investor, 미래를 보는 투자자, Prescient Investor",False,False,False
ESkahI1J,The Absolute Ruler of the House,reading,,22,"July 18, 2025",Early Chapters,5,"房子的绝对者, The Ultimate Shut-in, โทษที พื้นที่นี้ห้ามออก!",False,False,False
COc5bRIV,House Mayton's Youngest,reading,,91,"May 18, 2025",Mid Progress,5,"Mabeommyeongga Mangnaeadeul, Moi, Mage et Méchant",True,True,True
sWZd4eEc,Chronicles of a Doomed Prodigy,reading,,49,"August 17, 2025",Early Chapters,5,"How a Terminally Ill Genius Survives, 시한부 천재가 살아남는 법, Surviving as a Genius on Borrowed Time",True,False,True
bsDER2lR,The Genius AssassinWho Takes It All,reading,,70,"March 17, 2025",Mid Progress,5,"The Genius Assassin Who Eats All By Himself, The Genius Assassin Who Eats Everything Alone, 全靠自己的暗杀天才",False,False,False
013D0gnq,My Blasted Reincarnated Life,reading,,81,"January 17, 2025",Mid Progress,5,"該死的輪迴, 빌어먹을 환생, Чертова реинкарнация",True,True,True
2UmYsLgM,Chronicles of the Demon Faction,reading,,131,"August 16, 2025",Well Advanced,5,"마도전생기, ตำนานการเกิดใหม่ในลัทธิมาร, 魔道轉生記",True,True,True
LN1gAHNy,Super Gene,reading,,226,"May 16, 2025",Long Reader,5,"超级神基因, Super God Gene, Chaoji Shen Jiyin",False,True,True
bogzfqR9,"I Was More Overpowered Than the Hero, so I Hid My Power!",reading,,88,"September 14, 2025",Mid Progress,5,"용사보다 너무 강해서 힘을 숨김, 転生したら最強すぎるのでモブキャラ演じます, Secretamente mais poderoso do que o herói",True,True,True
HIEWEG9,Chronicles Of The Lazy Sovereign,reading,,14,"September 14, 2025",Early Chapters,4,"태존비록, The Secret Records of the Supreme, Taejon Birok",False,True,True
nMhN1BlT,The Devil Butler,reading,,753,"September 14, 2025",Long Reader,5,"Devil Butler, Как демон-император стал дворецким, The Servant Is the Demon King?!",False,True,True
sSdUskm5,There Are No Bad Warriors in This World,reading,,38,"June 14, 2025",Early Chapters,5,"There’s No Such Thing as a Bad Hero in the World, 世上沒有壞勇者, There Are No Bad Warriors in the World",True,True,True
NLQxbB6l,World's Strongest Survivor,reading,,21,"August 13, 2025",Early Chapters,4,"서바이벌로 세계 최강, Kanun Tanımaz Oyuncu, Survival-ro Segye Choegang",False,True,True
HHGfgZ7,Artifact-Devouring Player,reading,,25,"July 13, 2025",Early Chapters,4,"Artifact-Devouring Player, 神器吞噬者, 아티팩트 먹는 플레이어",False,True,True
jfuVawLO,Max Talent Player,reading,,75,"May 13, 2025",Mid Progress,5,"才能MAXプレイヤー, Max Talent Player, Talent Management Player",False,False,False
7NqCObsf,The Lone Necromancer,reading,,155,"September 12, 2025",Well Advanced,5,"나 혼자 네크로맨서, Jedyny Nekromanta, Некромант-одиночка",True,True,True
yTGZqTJE,Enrolling in the Transcendent Academy,reading,,174,"September 12, 2025",Well Advanced,5,"초월자 학원의 수강생이 되었다, Я стал студентом Трансцендентальной Академии, I Became a Student at the Transcension Academy",True,True,True
cd9x_RsS,The Reincarnated Assassin Is a Swordmaster,reading,,77,"September 12, 2025",Mid Progress,5,"환생한 암살자는 검술 천재, The Reincarnated Assassin is a Genius Swordsman, 重生刺客是天才剑士",True,True,True
zxfEWEvs,Return of the Hound,reading,,70,"June 12, 2025",Mid Progress,5,"Bloodhound's Regression Instinct, El instinto de regresión del sabueso, The Return Instinct of the Hunting Dog",False,False,False
Zujbr0TC,Skill Master Levels Up,reading,,100,"April 12, 2025",Well Advanced,5,"2周目プレイヤー、最高難易度を無双してレベルアップ, Levelling Up Through Skills, Skill Masters Level Up",True,True,True
BGFHlkI8,The Great Wizard Transcendent,reading,,125,"March 12, 2025",Well Advanced,5,"Archmage Transcending Through Regression, 회귀로 초월하는 대마도사, Arquimago Transcendido Pela Regressão",True,True,True
_Yo2tLum,The Magic Genius of the Marquis House,reading,,30,"February 12, 2025",Early Chapters,5,"The Marquis's Family Magical Genius, The Marquis' Magic Genius, The Magic Genius of the Marquis",False,True,True
x_bdWVIL,A Modern Man Who Transmigrated Into the Murim World,reading,,144,"September 11, 2025",Well Advanced,5,"Murime Tteoreojin Hyeondaein, 무림에 떨어진 현대인, Modern Man Falling Into the World of Murim",True,True,True
p2JNAEhS,Reality Quest,reading,,170,"September 11, 2025",Well Advanced,5,"IRL Quest, Real Life Quest, 현실퀘스트",True,True,True
i3U99GMc,Frozen Warrior,reading,,10,"September 11, 2025",Early Chapters,5,"นักรบแช่แข็ง, The Frostbound Warrior, 냉동무사",False,False,False
evPcEhyO,Chāoshén Chǒngshòu Diàn,reading,,181,"September 11, 2025",Well Advanced,5,"超神宠兽店, Chāo Shén Chǒng Shòu Diàn, Super God Pet Shop",False,True,True
PKUYjwxw,Your Talent is Mine,reading,,103,"August 11, 2025",Well Advanced,5,"Wo Neng Fu Zhi Tian Fu, I Can Copy Talents, I Copy Talents",False,True,True
LHup5qVT,The Greatest Estate Developer,reading,,191,"June 11, 2025",Well Advanced,5,"역대급 영지 설계사, The Greatest Estate Designer, 史上最高の領地設計士",True,True,True
M0fF4h3N,F-Rank Fortune Hunter,reading,,81,"May 11, 2025",Mid Progress,5,"F-Class Destiny Hunter, F급 사주 헌터, F-Geub Saju Hunter",True,True,True
oaIJwyZv,The Ultimate of All Ages,reading,,456,"September 10, 2025",Long Reader,5,"万古至尊, The Ancient Sovereign of Eternity, The Eternal Supreme",False,True,True
yXKM8g__,I Am the Fated Villain,reading,,277,"September 10, 2025",Long Reader,5,"Wǒ! Tiānmìng Dà Fǎnpài, Wo! Tian Mìng Da Fanpai, Me",False,True,True
JLJUjtxB,The Regressed Mercenary Has a Plan,reading,,55,"September 10, 2025",Mid Progress,5,"重生佣兵王的复仇, 重生傭兵的完美計畫, Zregresowany najemnik ma plan",True,True,True
4kITMR1v,Wild Ranker,reading,,12,"July 10, 2025",Early Chapters,1,와일드 랭커,False,False,True
R3Jt76QH,Genius Grandson of the Loan Shark King,reading,,68,"September 09, 2025",Mid Progress,4,"Nieto genio del rey de los prestamistas, หลานอัจฉริยะของราชาเงินกู้, 金融大佬的天才孙子",False,False,False
HIEmevp,Return of the Calamity-Class Death Knight,reading,,35,"September 09, 2025",Early Chapters,2,"멸망급 데스나이트가 회귀함, Return of the Apocalypse-Class Death Knight",False,False,False
HIF1Zpp,Regressing as the Reincarnated Bastard of the Sword Clan,reading,,59,"July 09, 2025",Mid Progress,5,"Regressing as the Reincarnated Bastard of the Sword Clan, How to Survive as the Bastard of the Regression Sword Clan, Como vive un bastardo en su regresión",False,False,False
MdAxLzXQ,Murim RPG Simulation,reading,,144,"June 09, 2025",Well Advanced,5,"천마육성, Heavenly Demon Cultivation Simulation, Восхождение небесного демона",True,True,True
MWtItRof,Supreme Zerg Lord,reading,,64,"June 09, 2025",Mid Progress,5,"Overlord of Insects, The Zerg Dominator, The King of the Insects",False,False,False
MpuAjPA4,The Legend of the Northern Blade,reading,,201,"April 09, 2025",Long Reader,5,"Bắc Kiếm Giang Hồ, 북검전기, Buggeomjeongi",True,True,True
AWLzuL1k,The Extra Is Too Powerful,reading,,100,"September 08, 2025",Well Advanced,5,"穿越成為超強配角, The Extra Is Too Strong, 엑스트라가 너무 강함",True,False,True
Maf30oos,The Sword God From the Destroyed World,reading,,31,"September 08, 2025",Early Chapters,5,"The Sword God From a Fallen World, The Sword God From a Ruined World, Sword God from the Ruined World",False,False,False
UExLYHoW,Solo Resurrection,reading,,60,"September 08, 2025",Mid Progress,5,"Na Honja Buhwalhanda, Só Eu Revivo, I Am Resurrected Alone",True,True,True
PBu7UHtu,"Dumped by my girlfriend, I turned to martial arts.",reading,,19,"September 08, 2025",Early Chapters,1,被校花分手后，我直接武道通神,False,False,True
Di19IEo5,The Lord of Coins,reading,,151,"April 08, 2025",Well Advanced,5,"Lordun Parası Azalmaz Mı?, The Lord's Coins Aren't Decreasing?!, Разве монета лорда не уменьшается?!",True,True,True
BB2OGCSU,Return of the Blossoming Blade,reading,,152,"March 08, 2025",Well Advanced,5,"Hwasan Gwihwan, Hoa Sơn Quy Hoàn, 화산귀환",True,True,True
1FPOvLUd,Why I Quit Being the Demon King,reading,,43,"March 08, 2025",Early Chapters,5,"마왕을 그만둔 이유, Mawangeul Geumandun Iyu, Alasan Mengapa Aku Berhenti Jadi Raja Iblis",False,False,False
smSy8jzF,Demon Evolution,reading,,117,"September 07, 2025",Well Advanced,5,"Demon Evolution, 我，进化，恶魔, Demonic Evolution",False,False,False
6fhIgNkN,The Swordmaster's Son,reading,,175,"September 07, 2025",Well Advanced,5,"Youngest Son of the Renowned Swordsmanship Clan, 검술명가 막내아들, The Youngest Son of a Renowned Family of Swordsmen",True,True,True
HIEYMO9,I Became the Genius Bastard of a Noble Dark Clan,reading,,37,"July 07, 2025",Early Chapters,3,"암흑명가 천재 망나니가 되었다, Me convertí en el genio bastardo de un noble clan oscuro, Eu me tornei o gênio bastardo de um nobre clã das trevas",False,False,False
CnikgmT2,The Demonic Cult Instructor Returns,reading,,15,"July 07, 2025",Early Chapters,2,"귀환마교관, Returning Demon Instructor",False,True,True
GpIzxNnb,I'm the Max-Level Newbie,reading,,222,"September 06, 2025",Long Reader,5,"ผู้เล่นหน้าใหม่เลเวลแมกซ์, Na Honja Mallep Newbie, 나 혼자 만렙 뉴비",True,True,True
uNHOeeYF,Return of the Mad Demon,reading,,168,"September 06, 2025",Well Advanced,5,"광마회귀, The Return of the Crazy Demon, 狂魔重生",True,True,True
pQMIp5w8,Top Tier Providence,reading,,229,"September 06, 2025",Long Reader,5,"顶级气运，悄悄修炼千年, Dingji Qiyun, Qiaoqiao Xiulian Qiannian",False,True,True
TjV9MRgw,Mercenary Enrollment,reading,,254,"September 06, 2025",Long Reader,5,"少年佣兵, 입학용병, พี่ชายสายบอดี้การ์ด",True,True,True
cO3mD8a6,I Became the Successor of the Martial God,reading,,37,"September 06, 2025",Early Chapters,2,"무신의 후계자가 되었다, I Became the War God’s Successor",True,True,True
GimPhk1K,To Be an Actor,reading,,33,"June 06, 2025",Early Chapters,5,"Be the Actor, Baeuroseo Salgetda, I Will Live as an Actor",True,True,True
6RhVx4Oa,Just Read Me Already!,reading,,47,"May 06, 2025",Early Chapters,5,"I Became a Legendary Arch Mage by Reading a Book, I Become a Legendary Arch Mage by Reading a Book, Please Read It",True,True,True
R0fKHCb1,The SSS-Ranker Returns,reading,,155,"September 05, 2025",Well Advanced,5,"SSS급 랭커 회귀하다, Return of the SSS-Class Ranker, Regreso del ranker de clase SSS",True,True,True
_RNJITG9,Reincarnated as a Genius Prodigy of a Prestigious Family,reading,,54,"June 05, 2025",Mid Progress,5,"Chuyển Sinh Thành Thiên Tài Xuất Chúng Của Danh Môn Thế Gia, Reencarné como un genio de linaje prestigioso, Reborn as the Greatest Talent of the Noble Family",False,False,False
ssI5N7iK,Duke Pendragon: Master of the White Dragon,reading,,119,"February 05, 2025",Well Advanced,5,"Baengnyonggongjang, Hakuryuu Koushaku Pendragon, 백룡공작 팬드래건",False,True,True
jB2ZV42H,The Nine Heavens Swordmaster,reading,,132,"September 04, 2025",Well Advanced,5,"Heavenly Inquisition Sword, 구천구검, Gucheongugeom",True,True,True
ucxb5LhR,All My Alter Egos Are Tycoons,reading,,51,"September 04, 2025",Mid Progress,5,"分身封神中, My Avatars' Path to Greatness, All My Alter Egos Are Tycoons",True,True,True
HIEYqDx,Hiding a Logistics Center in The Apocalypse,reading,,57,"September 04, 2025",Mid Progress,5,"아포칼립스에 물류센터를 숨김, Hiding a Warehouse in the Apocalypse, Almacenes ocultos en el Apocalipsis",False,True,True
MnVA40wg,Returned by the King,reading,,106,"September 04, 2025",Well Advanced,5,"왕의 힘으로 회귀한다, Return with the Power of the King, Regressing With the King's Power",True,True,True
t1iLNZ4k,Barbarian’s Adventure in a Fantasy World,reading,,32,"September 04, 2025",Early Chapters,5,"Surviving as a Barbarian in a Fantasy World, 판타지 세계 속 바바리안으로 살아가기, A Barbarian Adventure in a Fantasy World",True,False,True
99sr80kM,Pick Me Up,reading,,163,"September 04, 2025",Well Advanced,5,"Pick Me Up, Infinite Gacha, 픽 미 업!",True,True,True
4BIMafEZ,The Youngest Son of the Eunhae Merchant Group,reading,,28,"August 04, 2025",Early Chapters,4,"The Youngest Son of the Eunhae Sangdan, 은해상단 막내아들, El hijo menor del Grupo Mercantil Eunhae",False,True,True
54Zwh6iY,After Ten Millennia in Hell,reading,,123,"August 04, 2025",Well Advanced,5,"만 년 만에 귀환한 플레이어, Игрок, который вернулся спустя 10 000 лет",True,True,True
HIEXsYM,Disciple of the Three Kings,reading,,47,"July 04, 2025",Early Chapters,3,"삼왕의 제자, The Three Kings' Disciple, Three Kings' Disciple",True,False,True
fqj0I1TJ,Reincarnated as an Unruly Heir,reading,,109,"June 04, 2025",Well Advanced,5,"重生不良小教主, Vice-Lord's Rebirth, I Reincarnated as the Crazed Heir",True,True,True
lScjkiSP,The Return of the Legendary Archmage,reading,,58,"July 03, 2025",Mid Progress,5,"El regreso del archimago mítico, レイベル・ヴァイテナーの魔導継承, 神话级大魔法师的归来",False,False,False
Qy66f_CI,Latna Saga: Survival of a Sword King,reading,,76,"June 03, 2025",Mid Progress,5,"拔剑九亿次, 이계 검왕 생존기, Igye Geomwang Saengjongi",True,True,True
HW5oQTRG,Urek Mazino,reading,,26,"September 02, 2025",Early Chapters,5,"Tower of God: Urek's Ascent, อูเร็ค มาซิโน่, 神之塔外传:乌雷克·马奇努",True,True,True
BQK0GXZ1,Mythic Item Obtained,reading,,144,"September 02, 2025",Well Advanced,5,"신화급 귀속 아이템을 손에 넣었다, Я получил предмет мифического класса, من یک قطعه درجه اسطوره ای بدست آوردم",True,True,True
IS9XgW_S,Descended from Divinity,reading,,164,"July 02, 2025",Well Advanced,5,"천마는 평범하게 살 수 없다, The Reincarnation of the Dark Master, Реинкарнация тёмного магистра",True,True,True
jZY2wg89,The Celestial Returned from Hell,reading,,133,"February 02, 2025",Well Advanced,5,"A Constelação que Voltou do Inferno, 지옥에서 돌아온 성좌님, 地獄から蘇った聖座様",True,True,True
OY7hKOMr,Helmut: The Forsaken Child,reading,,105,"September 01, 2025",Well Advanced,5,"Helmut (Kim Nan Sae), Helmut (Honyo), 헬무트",True,True,True
zoXFVygx,The Indomitable Martial King,reading,,97,"September 01, 2025",Mid Progress,5,"권왕전생, 拳王轉生, Gwonwangjeonsaeng",True,True,True
DQcxRep4,My Disciples Are All Big Villains,reading,,16,"August 01, 2025",Early Chapters,5,"My Disciples Are All Villains, 我的徒弟都是大反派, Wo De Tudi Dou Shi Da Fanpai",False,False,False
mZF3uF35,The Advanced Player of the Tutorial Tower,reading,,206,"August 31, 2024",Long Reader,5,"Туториал продвинутого игрока в башне, Zaawansowany gracz wieży samouczka, 튜토리얼 탑의 고인물",True,True,True
yDm32aOJ,The Beginning After the End,reading,,182,"August 31, 2024",Well Advanced,5,"O começo após o final, O começo depois do fim, TBATE",False,False,True
_x731rN2,Lord Hero of House Remes,reading,,1,"November 28, 2024",Early Chapters,5,"Duke's Eldest Son Is a Regressed Hero, El hijo mayor del duque es un héroe regresor, Hero Becomes Duke's Eldest Son",True,True,True
n7acu4Ir,How to Fight,reading,,28,"September 23, 2024",Early Chapters,5,"Ssaumdokak, 格鬥實況, 싸움독학",True,True,True
EOJkw0Mk,How to Use a Returner,reading,,50,"September 22, 2024",Mid Progress,5,"회귀자 사용설명서, Инструкция по перерождению, Hoegwija Sayongseolmyeongseo",True,True,True
fVr6ofKT,Gosu,reading,,3,"August 18, 2024",Early Chapters,5,"고수, استاد, خبره",True,True,True
531DmNZI,Hunter Academy’s Strongest Battle God,reading,,40,"October 15, 2024",Early Chapters,5,"헌터 아카데미의 최강투신, Hunter Academy's Strongest Battle God, Hunter Academy's Greatest War God",True,True,True
SE3Re4TL,A Dance of Swords in the Night,reading,,125,"August 15, 2024",Well Advanced,5,"칼에 취한 밤을 걷다, In the Night Consumed by Blades, I Walk",True,True,True
c1xUXpEj,The Dragon's Guide to Defying Death,reading,,49,"November 13, 2024",Early Chapters,5,"시한부 드래곤의 생존법, Survival Guide for a terminally-ill Dragon, How to Survive as a Dragon with Time-Limit",True,True,True
HIESrPW,Eternally Regressing Knight,reading,,31,"November 13, 2024",Early Chapters,5,"Oneulman Saneun Gisa, The Knight Only Lives Today, A Knight Who Eternally Regresses",True,True,True
V_8hhTSD,I Raided the Demon God's Treasure Trove,reading,,32,"November 10, 2024",Early Chapters,4,"I Robbed the Storehouse of the God, I Raided the Demon God's Treasure Trove, 마신의 창고를 털었습니다",False,True,True
T6rtctyA,My Daughter Is the Final Boss,reading,,141,"November 10, 2024",Well Advanced,5,"我的女兒是最終頭目, 灭世女神今年5岁, 내 딸은 최종 보스",True,True,True
E08Un0l6,Tyrant of the Tower Defense Game,reading,,120,"October 08, 2024",Well Advanced,5,"디펜스 게임의 폭군이 되었다, Me convertí en el tirano de un juego de defensa, Defense Game Pokguni Doeeotda",True,True,True
wPdBYO_o,QUESTISM,reading,,153,"September 07, 2024",Well Advanced,5,"퀘스트지상주의, Квестовое превосходство, Quest Jisangjuui",True,True,True
NJcI16EN,Playing Revenge Against God,reading,,27,"November 06, 2024",Early Chapters,5,"31번째 말은 게임판을 뒤엎는다, 31 Beonjjae Mareun Geimpaneul Dwieopneunda, 31-я фигура перевернёт игровую доску",True,True,True
nLsPVSdO,Existence,reading,,72,"November 02, 2024",Mid Progress,5,"존재, Jonjae, Existencia",True,True,True
MIdqldxR,Return of the King of Hell,reading,,7,"October 02, 2024",Early Chapters,5,"The Descent Of The Underworld God, Reincarnation Path of The Underworld King, ยมราชลงทัณฑ์",True,True,True
cZFcoGh_,I'm Stuck on the Same Day for a Thousand Years,reading,,58,"August 02, 2024",Mid Progress,5,"I’m Trapped in This Day for One Thousand Years, Wǒ Bèi Kùn Zài Tóngyī Tiān Yīqiān Nián, 我被困在同一天一千年",False,True,True
71gMd0vF,Solo Leveling,reading,,0,Not specified,Just Started,5,"我独自升级, 我獨自升級, Na Honjaman Lebel-eob",True,True,True
LLZxqU1v,The Overpowered Newbie,reading,,0,Not specified,Just Started,5,"뉴비가 너무 강함, Слишком сильный нуб, The Newbie is Too Strong",True,True,True
xIrej8Kp,Vagabond,reading,,0,Not specified,Just Started,5,"Avare, Lãng Khách, Бродяга",True,True,True
g_Jpt1ML,Dark and Light Martial Emperor,reading,,0,Not specified,Just Started,5,"Monochrome Sovereign, 黑白武帝, 흑백무제",True,True,True
Q1L985_t,Idle Player Returns as a God,reading,,0,Not specified,Just Started,5,"Counterattack From a Failed Job, Desperté como un Dios después de batallar en solitario durante un millón de años, El jugador inactivo regresa como un dios",False,True,True
fWnYoxG7,The Dark Mage’s Return to Enlistment,reading,,0,Not specified,Just Started,5,"귀환했는데 입대 전날이다, Returned to the Day I Joined the Army, I Returned",True,True,True
R6AB5tN_,The Maxed-Out Player,reading,,0,Not specified,Just Started,5,"Jugador de nivel máximo, 만렙 플레이어, Max Talent Player",True,True,True
HIF08KP,Children of the Rune,reading,,0,Not specified,Just Started,5,"룬의 아이들 - 윈터러, Lun-ui Aideul - Winteoleo, Children of the Rune: Winterer",True,True,True
jdUERzlE,Seoul Station Necromancer,reading,,0,Not specified,Just Started,5,"地铁站的亡灵巫师, Seoul Station's Necromancer, Seoul-yeog Necromancer",True,True,True
bpxuXlYk,Return of the War God,reading,,0,Not specified,Just Started,5,"Crónicas del regreso del dios marcial, Record of the Heavenly Demon's Comeback, Chronicles of the Martial God",True,True,True
HUIcQdn4,The Hero Returns,reading,,0,Not specified,Just Started,5,"Hero, Returns, 영웅",True,True,True
RNMe7nKU,Villain to Kill,reading,,0,Not specified,Just Started,5,"빌런투킬퓨핀, 反派绝杀, 빌런투킬",True,True,True
7j6YU2d0,Ranker's Return,reading,,0,Not specified,Just Started,5,"Ranker's Return (2021), ランカーの帰還, Возвращение ранкера",False,True,True
Obe3d6p7,Cleric of Decay,reading,,0,Not specified,Just Started,5,"Bupaeui Saje, El Hijo de la Corrupción, 悪神に仕える司祭になった",True,True,True
RAkdZxvw,I'm a Part-Timer for the Gods,reading,,0,Not specified,Just Started,5,"신들의 알바나라, The Part-Time Land of the Gods, Albanala of the Gods",True,True,True
HIEfVez,Martial Evolution: Start by Awakening the King of Monsters,reading,,0,Not specified,Just Started,5,"Cao Võ Tiến Hóa: Bắt Đầu Thức Tỉnh Quái Thú Chi Vương, Martial Evolution: Starting from Awakening Godzilla's Physique, 高武进化：从觉醒怪兽之王开始",False,False,False
FRpxlMwo,World's Strongest Troll,reading,,0,Not specified,Just Started,5,"Game Choegang Troller, Quỷ Troll Mạnh Nhất Thế Giới, The Unrivaled Troll",True,True,True
tg69C49O,My Inventory Is Abnormal,reading,,0,Not specified,Just Started,5,"My Inventory Is Abnormal, 俺のインベントリがおかしい, 내 인벤토리가 이상하다",False,True,True
mjFPuBIu,Limit-Breaking Genius Mage,reading,,0,Not specified,Just Started,5,"The Genius Wizard Who Breaks Limits, A Genius Wizard Who Breaks Boundaries, 한계 찢는 천재마법사",False,True,True
HIENuWv,The Third Prince of the Fallen Kingdom has Regressed,reading,,0,Not specified,Just Started,5,"멸망한 왕국의 3왕자가 회귀했다, myeolmanghan wang-gug-ui 3wangjaga hoegwihaessda, Возвращение третьего принца падшего королевства",False,False,False
7GH57L5x,Special Civil Servant!,reading,,0,Not specified,Just Started,5,"Specjalny Urzędnik Państwowy, Extraordinary Civil Servant, ข้าราชการพิเศษ",False,False,False
12XG_k3V,I Was Immediately Mistaken for a Monster Genius Actor,reading,,0,Not specified,Just Started,5,"I Was Mistaken as a Monstrous Genius Actor, Tôi Bị Hiểu Lầm Là Diễn Viên Thiên Tài Quái Vật, 誤打誤撞成為怪物天才演員",False,False,False
EscVbP1e,The Concept-Grasping Magical Genius,reading,,0,Not specified,Just Started,2,"The Genius of Magical Mastery, 개념 잡는 마법 천재",False,False,False
hpYRR9no,I Will Raise This Family to Greatness,reading,,0,Not specified,Just Started,4,"I Will Raise This Family Up, I Will Raise This Family!, 이 집안을 일으켜세우겠습니다!",True,True,True
8pwPhuG_,A Cadet Becomes a Prophet?!,reading,,0,Not specified,Just Started,0,,False,False,False
RRnUTCWf,"Strength Through Adversity, My Cultivation Knows No Limits",reading,,0,Not specified,Just Started,5,"Possessing Me: The Untouchable Outsider, 遇强则强, Yù Qiáng Zé Qiáng",False,False,False
HIEmvys,Full-Time Awakening,reading,,0,Not specified,Just Started,3,"全职觉醒, Full-Time Awakening, Quanzhi Juexing",False,True,True
h841H3sQ,Eat Before You Go,reading,,0,Not specified,Just Started,3,"밥먹고가라, The Demon Slayer's Restaurant, Eat and Go",False,True,True
SIAAnO__,Reverend Insanity [2025],reading,,0,Not specified,Just Started,5,"Преподобный Гу, 蛊真人 (2025), เทพปีศาจหวนคืน",False,False,False
kaaCgLlD,Dwitgolmok Mabeopsa-ui Hoegwi Saenghwal,reading,,0,Not specified,Just Started,2,"뒷골목 마법사의 회귀생활, The Back-Alley Mage’s Return",False,True,True
HHGhP7Z,Level 999 Goblin,reading,,0,Not specified,Just Started,4,"레벨999 고블린, ก็อบลินเลเวล 999, Lv999哥布林",False,True,True
HXTArZJ,Chronicle of Runes,reading,,0,Not specified,Just Started,5,"문양전, Chronicle of Runes, Emblem Battle",False,True,True
yho6piZ9,Reborn Rich,reading,,0,Not specified,Just Started,5,"ხელახლა დაბადებული მდიდარი, ჩაბეოლის უმცროსი ვაჟი, The Youngest Son of a Conglomerate",True,True,True
UjNMubYz,"God-level Assassin, I’m the Shadow",reading,,0,Not specified,Just Started,1,网游：神级刺客，我即是暗影,False,True,True
LkI8DghT,Returning With Absolutely Nothing,reading,,0,Not specified,Just Started,5,"Regresion inutil, 쥐뿔도 없는 회귀, Worthless Regression",True,True,True
jmndN6ti,"Becoming a God, Starting as water monkey",reading,,0,Not specified,Just Started,5,"Возвышение от Монстра до Бога, Ascension: From Water Spirit to Deity, Become a God From Water Monkey",False,False,False
IVuZuu94,Emperor of Steel,reading,,0,Not specified,Just Started,1,강철대제,False,False,False
pRO79Lcy,The Knight King Who Returned with a God,reading,,0,Not specified,Just Started,5,"신과함께 돌아온 기사왕님, The Knight King Who Returned With a God, El Rey Caballero que regresó con un Dios",True,True,True
wATDywpu,Infinite Evolution Starting from Zero,reading,,0,Not specified,Just Started,1,从零开始无限进化,False,False,False
HIEVbtp,Admission is a Waste of Time,reading,,0,Not specified,Just Started,3,"입학은 괜히 해 가지고, Why Did I Have to Enroll?, I shouldn't have enrolled",True,True,True
Vf8oINR2,Genius Archer’s Livestreaming,reading,,0,Not specified,Just Started,5,"천재 궁수의 스트리밍, Genius Archer's Streaming, Stream Của Cung Thủ Thiên Tài",True,True,True
Bh6_eJnk,I Am Not a Regressor,reading,,0,Not specified,Just Started,5,"나는 회귀자가 아닙니다, No soy un regresor, Naneun Hoegwijaga Anipnida",True,True,True
f28FW4OR,Necromancer Academy and the Genius Summoner,reading,,0,Not specified,Just Started,5,"Necromancer Academy's Genius Summoner, 네크로맨서 학교의 소환천재, Necromancer Hakgyoui Sohwancheonjae",True,True,True
